cement,slag,flyash,water,superplasticizer,coarseaggregate,fineaggregate,age,csMPa,hdbscan,fcm,hdbI
540.0,0.0,0.0,162.0,2.5,1040.0,676.0,28,79.99,-1,6,0.43113696894230213
540.0,0.0,0.0,162.0,2.5,1055.0,676.0,28,61.89,0,6,0.43113696894230213
332.5,142.5,0.0,228.0,0.0,932.0,594.0,270,40.27,-1,8,0.43113696894230213
332.5,142.5,0.0,228.0,0.0,932.0,594.0,365,41.05,-1,8,0.43113696894230213
198.6,132.4,0.0,192.0,0.0,978.4,825.5,360,44.3,-1,3,0.43113696894230213
266.0,114.0,0.0,228.0,0.0,932.0,670.0,90,47.03,-1,9,0.43113696894230213
380.0,95.0,0.0,228.0,0.0,932.0,594.0,365,43.7,-1,6,0.43113696894230213
380.0,95.0,0.0,228.0,0.0,932.0,594.0,28,36.45,-1,6,0.43113696894230213
266.0,114.0,0.0,228.0,0.0,932.0,670.0,28,45.85,-1,9,0.43113696894230213
475.0,0.0,0.0,228.0,0.0,932.0,594.0,28,39.29,-1,6,0.43113696894230213
198.6,132.4,0.0,192.0,0.0,978.4,825.5,90,38.07,-1,3,0.43113696894230213
198.6,132.4,0.0,192.0,0.0,978.4,825.5,28,28.02,10,3,0.43113696894230213
427.5,47.5,0.0,228.0,0.0,932.0,594.0,270,43.01,-1,6,0.43113696894230213
190.0,190.0,0.0,228.0,0.0,932.0,670.0,90,42.33,-1,9,0.43113696894230213
304.0,76.0,0.0,228.0,0.0,932.0,670.0,28,47.81,-1,1,0.43113696894230213
380.0,0.0,0.0,228.0,0.0,932.0,670.0,90,52.91,-1,6,0.43113696894230213
139.6,209.4,0.0,192.0,0.0,1047.0,806.9,90,39.36,-1,3,0.43113696894230213
342.0,38.0,0.0,228.0,0.0,932.0,670.0,365,56.14,-1,7,0.43113696894230213
380.0,95.0,0.0,228.0,0.0,932.0,594.0,90,40.56,-1,6,0.43113696894230213
475.0,0.0,0.0,228.0,0.0,932.0,594.0,180,42.62,-1,6,0.43113696894230213
427.5,47.5,0.0,228.0,0.0,932.0,594.0,180,41.84,-1,6,0.43113696894230213
139.6,209.4,0.0,192.0,0.0,1047.0,806.9,28,28.24,-1,3,0.43113696894230213
139.6,209.4,0.0,192.0,0.0,1047.0,806.9,3,8.06,-1,3,0.43113696894230213
139.6,209.4,0.0,192.0,0.0,1047.0,806.9,180,44.21,-1,3,0.43113696894230213
380.0,0.0,0.0,228.0,0.0,932.0,670.0,365,52.52,-1,6,0.43113696894230213
380.0,0.0,0.0,228.0,0.0,932.0,670.0,270,53.3,-1,6,0.43113696894230213
380.0,95.0,0.0,228.0,0.0,932.0,594.0,270,41.15,-1,6,0.43113696894230213
342.0,38.0,0.0,228.0,0.0,932.0,670.0,180,52.12,-1,6,0.43113696894230213
427.5,47.5,0.0,228.0,0.0,932.0,594.0,28,37.43,-1,6,0.43113696894230213
475.0,0.0,0.0,228.0,0.0,932.0,594.0,7,38.6,-1,6,0.43113696894230213
304.0,76.0,0.0,228.0,0.0,932.0,670.0,365,55.26,-1,7,0.43113696894230213
266.0,114.0,0.0,228.0,0.0,932.0,670.0,365,52.91,-1,1,0.43113696894230213
198.6,132.4,0.0,192.0,0.0,978.4,825.5,180,41.72,-1,3,0.43113696894230213
475.0,0.0,0.0,228.0,0.0,932.0,594.0,270,42.13,-1,6,0.43113696894230213
190.0,190.0,0.0,228.0,0.0,932.0,670.0,365,53.69,-1,9,0.43113696894230213
237.5,237.5,0.0,228.0,0.0,932.0,594.0,270,38.41,-1,9,0.43113696894230213
237.5,237.5,0.0,228.0,0.0,932.0,594.0,28,30.08,-1,9,0.43113696894230213
332.5,142.5,0.0,228.0,0.0,932.0,594.0,90,37.72,-1,8,0.43113696894230213
475.0,0.0,0.0,228.0,0.0,932.0,594.0,90,42.23,-1,6,0.43113696894230213
237.5,237.5,0.0,228.0,0.0,932.0,594.0,180,36.25,-1,9,0.43113696894230213
342.0,38.0,0.0,228.0,0.0,932.0,670.0,90,50.46,-1,6,0.43113696894230213
427.5,47.5,0.0,228.0,0.0,932.0,594.0,365,43.7,-1,6,0.43113696894230213
237.5,237.5,0.0,228.0,0.0,932.0,594.0,365,39.0,-1,9,0.43113696894230213
380.0,0.0,0.0,228.0,0.0,932.0,670.0,180,53.1,-1,6,0.43113696894230213
427.5,47.5,0.0,228.0,0.0,932.0,594.0,90,41.54,-1,6,0.43113696894230213
427.5,47.5,0.0,228.0,0.0,932.0,594.0,7,35.08,-1,6,0.43113696894230213
349.0,0.0,0.0,192.0,0.0,1047.0,806.9,3,15.05,4,5,0.43113696894230213
380.0,95.0,0.0,228.0,0.0,932.0,594.0,180,40.76,-1,6,0.43113696894230213
237.5,237.5,0.0,228.0,0.0,932.0,594.0,7,26.26,-1,9,0.43113696894230213
380.0,95.0,0.0,228.0,0.0,932.0,594.0,7,32.82,-1,6,0.43113696894230213
332.5,142.5,0.0,228.0,0.0,932.0,594.0,180,39.78,-1,8,0.43113696894230213
190.0,190.0,0.0,228.0,0.0,932.0,670.0,180,46.93,-1,9,0.43113696894230213
237.5,237.5,0.0,228.0,0.0,932.0,594.0,90,33.12,-1,9,0.43113696894230213
304.0,76.0,0.0,228.0,0.0,932.0,670.0,90,49.19,-1,1,0.43113696894230213
139.6,209.4,0.0,192.0,0.0,1047.0,806.9,7,14.59,-1,3,0.43113696894230213
198.6,132.4,0.0,192.0,0.0,978.4,825.5,7,14.64,10,3,0.43113696894230213
475.0,0.0,0.0,228.0,0.0,932.0,594.0,365,41.93,-1,6,0.43113696894230213
198.6,132.4,0.0,192.0,0.0,978.4,825.5,3,9.13,10,3,0.43113696894230213
304.0,76.0,0.0,228.0,0.0,932.0,670.0,180,50.95,-1,1,0.43113696894230213
332.5,142.5,0.0,228.0,0.0,932.0,594.0,28,33.02,-1,8,0.43113696894230213
304.0,76.0,0.0,228.0,0.0,932.0,670.0,270,54.38,-1,7,0.43113696894230213
266.0,114.0,0.0,228.0,0.0,932.0,670.0,270,51.73,-1,9,0.43113696894230213
310.0,0.0,0.0,192.0,0.0,971.0,850.6,3,9.87,4,2,0.43113696894230213
190.0,190.0,0.0,228.0,0.0,932.0,670.0,270,50.66,-1,9,0.43113696894230213
266.0,114.0,0.0,228.0,0.0,932.0,670.0,180,48.7,-1,9,0.43113696894230213
342.0,38.0,0.0,228.0,0.0,932.0,670.0,270,55.06,-1,6,0.43113696894230213
139.6,209.4,0.0,192.0,0.0,1047.0,806.9,360,44.7,-1,3,0.43113696894230213
332.5,142.5,0.0,228.0,0.0,932.0,594.0,7,30.28,-1,8,0.43113696894230213
190.0,190.0,0.0,228.0,0.0,932.0,670.0,28,40.86,-1,9,0.43113696894230213
485.0,0.0,0.0,146.0,0.0,1120.0,800.0,28,71.99,-1,5,0.43113696894230213
374.0,189.2,0.0,170.1,10.1,926.1,756.7,3,34.4,11,8,0.43113696894230213
313.3,262.2,0.0,175.5,8.6,1046.9,611.8,3,28.8,-1,9,0.43113696894230213
425.0,106.3,0.0,153.5,16.5,852.1,887.1,3,33.4,1,8,0.43113696894230213
425.0,106.3,0.0,151.4,18.6,936.0,803.7,3,36.3,2,8,0.43113696894230213
375.0,93.8,0.0,126.6,23.4,852.1,992.6,3,29.0,1,2,0.43113696894230213
475.0,118.8,0.0,181.1,8.9,852.1,781.5,3,37.8,1,8,0.43113696894230213
469.0,117.2,0.0,137.8,32.2,852.1,840.5,3,40.2,1,8,0.43113696894230213
425.0,106.3,0.0,153.5,16.5,852.1,887.1,3,33.4,1,8,0.43113696894230213
388.6,97.1,0.0,157.9,12.1,852.1,925.7,3,28.1,1,2,0.43113696894230213
531.3,0.0,0.0,141.8,28.2,852.1,893.7,3,41.3,-1,6,0.43113696894230213
425.0,106.3,0.0,153.5,16.5,852.1,887.1,3,33.4,1,8,0.43113696894230213
318.8,212.5,0.0,155.7,14.3,852.1,880.4,3,25.2,-1,8,0.43113696894230213
401.8,94.7,0.0,147.4,11.4,946.8,852.1,3,41.1,2,2,0.43113696894230213
362.6,189.0,0.0,164.9,11.6,944.7,755.8,3,35.3,11,8,0.43113696894230213
323.7,282.8,0.0,183.8,10.3,942.7,659.9,3,28.3,-1,8,0.43113696894230213
379.5,151.2,0.0,153.9,15.9,1134.3,605.0,3,28.6,-1,5,0.43113696894230213
362.6,189.0,0.0,164.9,11.6,944.7,755.8,3,35.3,11,8,0.43113696894230213
286.3,200.9,0.0,144.7,11.2,1004.6,803.7,3,24.4,-1,8,0.43113696894230213
362.6,189.0,0.0,164.9,11.6,944.7,755.8,3,35.3,11,8,0.43113696894230213
439.0,177.0,0.0,186.0,11.1,884.9,707.9,3,39.3,-1,8,0.43113696894230213
389.9,189.0,0.0,145.9,22.0,944.7,755.8,3,40.6,11,8,0.43113696894230213
362.6,189.0,0.0,164.9,11.6,944.7,755.8,3,35.3,11,8,0.43113696894230213
337.9,189.0,0.0,174.9,9.5,944.7,755.8,3,24.1,11,8,0.43113696894230213
374.0,189.2,0.0,170.1,10.1,926.1,756.7,7,46.2,11,8,0.43113696894230213
313.3,262.2,0.0,175.5,8.6,1046.9,611.8,7,42.8,-1,9,0.43113696894230213
425.0,106.3,0.0,153.5,16.5,852.1,887.1,7,49.2,1,8,0.43113696894230213
425.0,106.3,0.0,151.4,18.6,936.0,803.7,7,46.8,2,8,0.43113696894230213
375.0,93.8,0.0,126.6,23.4,852.1,992.6,7,45.7,1,2,0.43113696894230213
475.0,118.8,0.0,181.1,8.9,852.1,781.5,7,55.6,1,8,0.43113696894230213
469.0,117.2,0.0,137.8,32.2,852.1,840.5,7,54.9,1,8,0.43113696894230213
425.0,106.3,0.0,153.5,16.5,852.1,887.1,7,49.2,1,8,0.43113696894230213
388.6,97.1,0.0,157.9,12.1,852.1,925.7,7,34.9,1,2,0.43113696894230213
531.3,0.0,0.0,141.8,28.2,852.1,893.7,7,46.9,-1,6,0.43113696894230213
425.0,106.3,0.0,153.5,16.5,852.1,887.1,7,49.2,1,8,0.43113696894230213
318.8,212.5,0.0,155.7,14.3,852.1,880.4,7,33.4,-1,8,0.43113696894230213
401.8,94.7,0.0,147.4,11.4,946.8,852.1,7,54.1,2,2,0.43113696894230213
362.6,189.0,0.0,164.9,11.6,944.7,755.8,7,55.9,11,8,0.43113696894230213
323.7,282.8,0.0,183.8,10.3,942.7,659.9,7,49.8,-1,8,0.43113696894230213
379.5,151.2,0.0,153.9,15.9,1134.3,605.0,7,47.1,-1,5,0.43113696894230213
362.6,189.0,0.0,164.9,11.6,944.7,755.8,7,55.9,11,8,0.43113696894230213
286.3,200.9,0.0,144.7,11.2,1004.6,803.7,7,38.0,-1,8,0.43113696894230213
362.6,189.0,0.0,164.9,11.6,944.7,755.8,7,55.9,11,8,0.43113696894230213
439.0,177.0,0.0,186.0,11.1,884.9,707.9,7,56.1,-1,8,0.43113696894230213
389.9,189.0,0.0,145.9,22.0,944.7,755.8,7,59.09,11,8,0.43113696894230213
362.6,189.0,0.0,164.9,11.6,944.7,755.8,7,22.9,11,8,0.43113696894230213
337.9,189.0,0.0,174.9,9.5,944.7,755.8,7,35.1,11,8,0.43113696894230213
374.0,189.2,0.0,170.1,10.1,926.1,756.7,28,61.09,11,8,0.43113696894230213
313.3,262.2,0.0,175.5,8.6,1046.9,611.8,28,59.8,-1,9,0.43113696894230213
425.0,106.3,0.0,153.5,16.5,852.1,887.1,28,60.29,1,8,0.43113696894230213
425.0,106.3,0.0,151.4,18.6,936.0,803.7,28,61.8,2,8,0.43113696894230213
375.0,93.8,0.0,126.6,23.4,852.1,992.6,28,56.7,1,2,0.43113696894230213
475.0,118.8,0.0,181.1,8.9,852.1,781.5,28,68.3,1,8,0.43113696894230213
469.0,117.2,0.0,137.8,32.2,852.1,840.5,28,66.9,1,8,0.43113696894230213
425.0,106.3,0.0,153.5,16.5,852.1,887.1,28,60.29,1,8,0.43113696894230213
388.6,97.1,0.0,157.9,12.1,852.1,925.7,28,50.7,1,2,0.43113696894230213
531.3,0.0,0.0,141.8,28.2,852.1,893.7,28,56.4,-1,6,0.43113696894230213
425.0,106.3,0.0,153.5,16.5,852.1,887.1,28,60.29,1,8,0.43113696894230213
318.8,212.5,0.0,155.7,14.3,852.1,880.4,28,55.5,-1,8,0.43113696894230213
401.8,94.7,0.0,147.4,11.4,946.8,852.1,28,68.5,2,2,0.43113696894230213
362.6,189.0,0.0,164.9,11.6,944.7,755.8,28,71.3,11,8,0.43113696894230213
323.7,282.8,0.0,183.8,10.3,942.7,659.9,28,74.7,-1,8,0.43113696894230213
379.5,151.2,0.0,153.9,15.9,1134.3,605.0,28,52.2,-1,5,0.43113696894230213
362.6,189.0,0.0,164.9,11.6,944.7,755.8,28,71.3,11,8,0.43113696894230213
286.3,200.9,0.0,144.7,11.2,1004.6,803.7,28,67.7,-1,8,0.43113696894230213
362.6,189.0,0.0,164.9,11.6,944.7,755.8,28,71.3,11,8,0.43113696894230213
439.0,177.0,0.0,186.0,11.1,884.9,707.9,28,66.0,-1,8,0.43113696894230213
389.9,189.0,0.0,145.9,22.0,944.7,755.8,28,74.5,11,8,0.43113696894230213
362.6,189.0,0.0,164.9,11.6,944.7,755.8,28,71.3,11,8,0.43113696894230213
337.9,189.0,0.0,174.9,9.5,944.7,755.8,28,49.9,11,8,0.43113696894230213
374.0,189.2,0.0,170.1,10.1,926.1,756.7,56,63.4,11,8,0.43113696894230213
313.3,262.2,0.0,175.5,8.6,1046.9,611.8,56,64.9,-1,9,0.43113696894230213
425.0,106.3,0.0,153.5,16.5,852.1,887.1,56,64.3,1,8,0.43113696894230213
425.0,106.3,0.0,151.4,18.6,936.0,803.7,56,64.9,2,8,0.43113696894230213
375.0,93.8,0.0,126.6,23.4,852.1,992.6,56,60.2,1,2,0.43113696894230213
475.0,118.8,0.0,181.1,8.9,852.1,781.5,56,72.3,1,8,0.43113696894230213
469.0,117.2,0.0,137.8,32.2,852.1,840.5,56,69.3,1,8,0.43113696894230213
425.0,106.3,0.0,153.5,16.5,852.1,887.1,56,64.3,1,8,0.43113696894230213
388.6,97.1,0.0,157.9,12.1,852.1,925.7,56,55.2,1,2,0.43113696894230213
531.3,0.0,0.0,141.8,28.2,852.1,893.7,56,58.8,-1,6,0.43113696894230213
425.0,106.3,0.0,153.5,16.5,852.1,887.1,56,64.3,1,8,0.43113696894230213
318.8,212.5,0.0,155.7,14.3,852.1,880.4,56,66.1,-1,8,0.43113696894230213
401.8,94.7,0.0,147.4,11.4,946.8,852.1,56,73.7,2,2,0.43113696894230213
362.6,189.0,0.0,164.9,11.6,944.7,755.8,56,77.3,11,8,0.43113696894230213
323.7,282.8,0.0,183.8,10.3,942.7,659.9,56,80.2,-1,8,0.43113696894230213
379.5,151.2,0.0,153.9,15.9,1134.3,605.0,56,54.9,-1,5,0.43113696894230213
362.6,189.0,0.0,164.9,11.6,944.7,755.8,56,77.3,11,8,0.43113696894230213
286.3,200.9,0.0,144.7,11.2,1004.6,803.7,56,72.99,-1,8,0.43113696894230213
362.6,189.0,0.0,164.9,11.6,944.7,755.8,56,77.3,11,8,0.43113696894230213
439.0,177.0,0.0,186.0,11.1,884.9,707.9,56,71.7,-1,8,0.43113696894230213
389.9,189.0,0.0,145.9,22.0,944.7,755.8,56,79.4,11,8,0.43113696894230213
362.6,189.0,0.0,164.9,11.6,944.7,755.8,56,77.3,11,8,0.43113696894230213
337.9,189.0,0.0,174.9,9.5,944.7,755.8,56,59.89,11,8,0.43113696894230213
374.0,189.2,0.0,170.1,10.1,926.1,756.7,91,64.9,11,8,0.43113696894230213
313.3,262.2,0.0,175.5,8.6,1046.9,611.8,91,66.6,-1,9,0.43113696894230213
425.0,106.3,0.0,153.5,16.5,852.1,887.1,91,65.2,1,8,0.43113696894230213
425.0,106.3,0.0,151.4,18.6,936.0,803.7,91,66.7,2,8,0.43113696894230213
375.0,93.8,0.0,126.6,23.4,852.1,992.6,91,62.5,-1,2,0.43113696894230213
475.0,118.8,0.0,181.1,8.9,852.1,781.5,91,74.19,-1,8,0.43113696894230213
469.0,117.2,0.0,137.8,32.2,852.1,840.5,91,70.7,1,8,0.43113696894230213
425.0,106.3,0.0,153.5,16.5,852.1,887.1,91,65.2,1,8,0.43113696894230213
388.6,97.1,0.0,157.9,12.1,852.1,925.7,91,57.6,1,2,0.43113696894230213
531.3,0.0,0.0,141.8,28.2,852.1,893.7,91,59.2,-1,6,0.43113696894230213
425.0,106.3,0.0,153.5,16.5,852.1,887.1,91,65.2,1,8,0.43113696894230213
318.8,212.5,0.0,155.7,14.3,852.1,880.4,91,68.1,-1,8,0.43113696894230213
401.8,94.7,0.0,147.4,11.4,946.8,852.1,91,75.5,-1,2,0.43113696894230213
362.6,189.0,0.0,164.9,11.6,944.7,755.8,91,79.3,11,8,0.43113696894230213
379.5,151.2,0.0,153.9,15.9,1134.3,605.0,91,56.5,-1,5,0.43113696894230213
362.6,189.0,0.0,164.9,11.6,944.7,755.8,91,79.3,11,8,0.43113696894230213
286.3,200.9,0.0,144.7,11.2,1004.6,803.7,91,76.8,-1,8,0.43113696894230213
362.6,189.0,0.0,164.9,11.6,944.7,755.8,91,79.3,11,8,0.43113696894230213
439.0,177.0,0.0,186.0,11.1,884.9,707.9,91,73.3,-1,8,0.43113696894230213
389.9,189.0,0.0,145.9,22.0,944.7,755.8,91,82.6,11,8,0.43113696894230213
362.6,189.0,0.0,164.9,11.6,944.7,755.8,91,79.3,11,8,0.43113696894230213
337.9,189.0,0.0,174.9,9.5,944.7,755.8,91,67.8,11,8,0.43113696894230213
222.4,0.0,96.7,189.3,4.5,967.1,870.3,3,11.58,12,0,0.43113696894230213
222.4,0.0,96.7,189.3,4.5,967.1,870.3,14,24.45,12,0,0.43113696894230213
222.4,0.0,96.7,189.3,4.5,967.1,870.3,28,24.89,12,0,0.43113696894230213
222.4,0.0,96.7,189.3,4.5,967.1,870.3,56,29.45,12,0,0.43113696894230213
222.4,0.0,96.7,189.3,4.5,967.1,870.3,100,40.71,12,0,0.43113696894230213
233.8,0.0,94.6,197.9,4.6,947.0,852.2,3,10.38,12,0,0.43113696894230213
233.8,0.0,94.6,197.9,4.6,947.0,852.2,14,22.14,12,0,0.43113696894230213
233.8,0.0,94.6,197.9,4.6,947.0,852.2,28,22.84,12,0,0.43113696894230213
233.8,0.0,94.6,197.9,4.6,947.0,852.2,56,27.66,12,0,0.43113696894230213
233.8,0.0,94.6,197.9,4.6,947.0,852.2,100,34.56,12,0,0.43113696894230213
194.7,0.0,100.5,165.6,7.5,1006.4,905.9,3,12.45,12,0,0.43113696894230213
194.7,0.0,100.5,165.6,7.5,1006.4,905.9,14,24.99,12,0,0.43113696894230213
194.7,0.0,100.5,165.6,7.5,1006.4,905.9,28,25.72,12,0,0.43113696894230213
194.7,0.0,100.5,165.6,7.5,1006.4,905.9,56,33.96,12,0,0.43113696894230213
194.7,0.0,100.5,165.6,7.5,1006.4,905.9,100,37.34,12,0,0.43113696894230213
190.7,0.0,125.4,162.1,7.8,1090.0,804.0,3,15.04,15,4,0.43113696894230213
190.7,0.0,125.4,162.1,7.8,1090.0,804.0,14,21.06,15,4,0.43113696894230213
190.7,0.0,125.4,162.1,7.8,1090.0,804.0,28,26.4,15,4,0.43113696894230213
190.7,0.0,125.4,162.1,7.8,1090.0,804.0,56,35.34,15,4,0.43113696894230213
190.7,0.0,125.4,162.1,7.8,1090.0,804.0,100,40.57,15,4,0.43113696894230213
212.1,0.0,121.6,180.3,5.7,1057.6,779.3,3,12.47,15,4,0.43113696894230213
212.1,0.0,121.6,180.3,5.7,1057.6,779.3,14,20.92,15,4,0.43113696894230213
212.1,0.0,121.6,180.3,5.7,1057.6,779.3,28,24.9,15,4,0.43113696894230213
212.1,0.0,121.6,180.3,5.7,1057.6,779.3,56,34.2,15,4,0.43113696894230213
212.1,0.0,121.6,180.3,5.7,1057.6,779.3,100,39.61,15,4,0.43113696894230213
230.0,0.0,118.3,195.5,4.6,1029.4,758.6,3,10.03,15,4,0.43113696894230213
230.0,0.0,118.3,195.5,4.6,1029.4,758.6,14,20.08,15,4,0.43113696894230213
230.0,0.0,118.3,195.5,4.6,1029.4,758.6,28,24.48,15,4,0.43113696894230213
230.0,0.0,118.3,195.5,4.6,1029.4,758.6,56,31.54,15,4,0.43113696894230213
230.0,0.0,118.3,195.5,4.6,1029.4,758.6,100,35.34,15,4,0.43113696894230213
190.3,0.0,125.2,161.9,9.9,1088.1,802.6,3,9.45,15,4,0.43113696894230213
190.3,0.0,125.2,161.9,9.9,1088.1,802.6,14,22.72,15,4,0.43113696894230213
190.3,0.0,125.2,161.9,9.9,1088.1,802.6,28,28.47,15,4,0.43113696894230213
190.3,0.0,125.2,161.9,9.9,1088.1,802.6,56,38.56,15,4,0.43113696894230213
190.3,0.0,125.2,161.9,9.9,1088.1,802.6,100,40.39,15,4,0.43113696894230213
166.1,0.0,163.3,176.5,4.5,1058.6,780.1,3,10.76,-1,4,0.43113696894230213
166.1,0.0,163.3,176.5,4.5,1058.6,780.1,14,25.48,-1,4,0.43113696894230213
166.1,0.0,163.3,176.5,4.5,1058.6,780.1,28,21.54,-1,4,0.43113696894230213
166.1,0.0,163.3,176.5,4.5,1058.6,780.1,56,28.63,-1,4,0.43113696894230213
166.1,0.0,163.3,176.5,4.5,1058.6,780.1,100,33.54,-1,4,0.43113696894230213
168.0,42.1,163.8,121.8,5.7,1058.7,780.1,3,7.75,-1,4,0.43113696894230213
168.0,42.1,163.8,121.8,5.7,1058.7,780.1,14,17.82,-1,4,0.43113696894230213
168.0,42.1,163.8,121.8,5.7,1058.7,780.1,28,24.24,-1,4,0.43113696894230213
168.0,42.1,163.8,121.8,5.7,1058.7,780.1,56,32.85,-1,4,0.43113696894230213
168.0,42.1,163.8,121.8,5.7,1058.7,780.1,100,39.23,-1,4,0.43113696894230213
213.7,98.1,24.5,181.7,6.9,1065.8,785.4,3,18.0,10,9,0.43113696894230213
213.7,98.1,24.5,181.7,6.9,1065.8,785.4,14,30.39,10,9,0.43113696894230213
213.7,98.1,24.5,181.7,6.9,1065.8,785.4,28,45.71,10,9,0.43113696894230213
213.7,98.1,24.5,181.7,6.9,1065.8,785.4,56,50.77,10,9,0.43113696894230213
213.7,98.1,24.5,181.7,6.9,1065.8,785.4,100,53.9,-1,9,0.43113696894230213
213.8,98.1,24.5,181.7,6.7,1066.0,785.5,3,13.18,10,3,0.43113696894230213
213.8,98.1,24.5,181.7,6.7,1066.0,785.5,14,17.84,10,9,0.43113696894230213
213.8,98.1,24.5,181.7,6.7,1066.0,785.5,28,40.23,10,9,0.43113696894230213
213.8,98.1,24.5,181.7,6.7,1066.0,785.5,56,47.13,10,9,0.43113696894230213
213.8,98.1,24.5,181.7,6.7,1066.0,785.5,100,49.97,-1,9,0.43113696894230213
229.7,0.0,118.2,195.2,6.1,1028.1,757.6,3,13.36,15,4,0.43113696894230213
229.7,0.0,118.2,195.2,6.1,1028.1,757.6,14,22.32,15,4,0.43113696894230213
229.7,0.0,118.2,195.2,6.1,1028.1,757.6,28,24.54,15,4,0.43113696894230213
229.7,0.0,118.2,195.2,6.1,1028.1,757.6,56,31.35,15,4,0.43113696894230213
229.7,0.0,118.2,195.2,6.1,1028.1,757.6,100,40.86,15,4,0.43113696894230213
238.1,0.0,94.1,186.7,7.0,949.9,847.0,3,19.93,12,0,0.43113696894230213
238.1,0.0,94.1,186.7,7.0,949.9,847.0,14,25.69,12,0,0.43113696894230213
238.1,0.0,94.1,186.7,7.0,949.9,847.0,28,30.23,12,0,0.43113696894230213
238.1,0.0,94.1,186.7,7.0,949.9,847.0,56,39.59,12,0,0.43113696894230213
238.1,0.0,94.1,186.7,7.0,949.9,847.0,100,44.3,12,0,0.43113696894230213
250.0,0.0,95.7,187.4,5.5,956.9,861.2,3,13.82,12,0,0.43113696894230213
250.0,0.0,95.7,187.4,5.5,956.9,861.2,14,24.92,12,0,0.43113696894230213
250.0,0.0,95.7,187.4,5.5,956.9,861.2,28,29.22,12,0,0.43113696894230213
250.0,0.0,95.7,187.4,5.5,956.9,861.2,56,38.33,12,0,0.43113696894230213
250.0,0.0,95.7,187.4,5.5,956.9,861.2,100,42.35,12,0,0.43113696894230213
212.5,0.0,100.4,159.3,8.7,1007.8,903.6,3,13.54,12,0,0.43113696894230213
212.5,0.0,100.4,159.3,8.7,1007.8,903.6,14,26.31,12,0,0.43113696894230213
212.5,0.0,100.4,159.3,8.7,1007.8,903.6,28,31.64,12,0,0.43113696894230213
212.5,0.0,100.4,159.3,8.7,1007.8,903.6,56,42.55,12,0,0.43113696894230213
212.5,0.0,100.4,159.3,8.7,1007.8,903.6,100,42.92,12,0,0.43113696894230213
212.6,0.0,100.4,159.4,10.4,1003.8,903.8,3,13.33,12,0,0.43113696894230213
212.6,0.0,100.4,159.4,10.4,1003.8,903.8,14,25.37,12,0,0.43113696894230213
212.6,0.0,100.4,159.4,10.4,1003.8,903.8,28,37.4,12,0,0.43113696894230213
212.6,0.0,100.4,159.4,10.4,1003.8,903.8,56,44.4,12,0,0.43113696894230213
212.6,0.0,100.4,159.4,10.4,1003.8,903.8,100,47.74,12,0,0.43113696894230213
212.0,0.0,124.8,159.0,7.8,1085.4,799.5,3,19.52,15,4,0.43113696894230213
212.0,0.0,124.8,159.0,7.8,1085.4,799.5,14,31.35,15,4,0.43113696894230213
212.0,0.0,124.8,159.0,7.8,1085.4,799.5,28,38.5,15,4,0.43113696894230213
212.0,0.0,124.8,159.0,7.8,1085.4,799.5,56,45.08,15,4,0.43113696894230213
212.0,0.0,124.8,159.0,7.8,1085.4,799.5,100,47.82,15,4,0.43113696894230213
231.8,0.0,121.6,174.0,6.7,1056.4,778.5,3,15.44,15,4,0.43113696894230213
231.8,0.0,121.6,174.0,6.7,1056.4,778.5,14,26.77,15,4,0.43113696894230213
231.8,0.0,121.6,174.0,6.7,1056.4,778.5,28,33.73,15,4,0.43113696894230213
231.8,0.0,121.6,174.0,6.7,1056.4,778.5,56,42.7,15,4,0.43113696894230213
231.8,0.0,121.6,174.0,6.7,1056.4,778.5,100,45.84,15,4,0.43113696894230213
251.4,0.0,118.3,188.5,5.8,1028.4,757.7,3,17.22,15,4,0.43113696894230213
251.4,0.0,118.3,188.5,5.8,1028.4,757.7,14,29.93,15,4,0.43113696894230213
251.4,0.0,118.3,188.5,5.8,1028.4,757.7,28,29.65,15,4,0.43113696894230213
251.4,0.0,118.3,188.5,5.8,1028.4,757.7,56,36.97,15,4,0.43113696894230213
251.4,0.0,118.3,188.5,5.8,1028.4,757.7,100,43.58,15,4,0.43113696894230213
251.4,0.0,118.3,188.5,6.4,1028.4,757.7,3,13.12,15,4,0.43113696894230213
251.4,0.0,118.3,188.5,6.4,1028.4,757.7,14,24.43,15,4,0.43113696894230213
251.4,0.0,118.3,188.5,6.4,1028.4,757.7,28,32.66,15,4,0.43113696894230213
251.4,0.0,118.3,188.5,6.4,1028.4,757.7,56,36.64,15,4,0.43113696894230213
251.4,0.0,118.3,188.5,6.4,1028.4,757.7,100,44.21,15,4,0.43113696894230213
181.4,0.0,167.0,169.6,7.6,1055.6,777.8,3,13.62,16,4,0.43113696894230213
181.4,0.0,167.0,169.6,7.6,1055.6,777.8,14,21.6,16,4,0.43113696894230213
181.4,0.0,167.0,169.6,7.6,1055.6,777.8,28,27.77,16,4,0.43113696894230213
181.4,0.0,167.0,169.6,7.6,1055.6,777.8,56,35.57,16,4,0.43113696894230213
181.4,0.0,167.0,169.6,7.6,1055.6,777.8,100,45.37,-1,4,0.43113696894230213
182.0,45.2,122.0,170.2,8.2,1059.4,780.7,3,7.32,-1,4,0.43113696894230213
182.0,45.2,122.0,170.2,8.2,1059.4,780.7,14,21.5,-1,4,0.43113696894230213
182.0,45.2,122.0,170.2,8.2,1059.4,780.7,28,31.27,-1,4,0.43113696894230213
182.0,45.2,122.0,170.2,8.2,1059.4,780.7,56,43.5,-1,4,0.43113696894230213
182.0,45.2,122.0,170.2,8.2,1059.4,780.7,100,48.67,-1,4,0.43113696894230213
168.9,42.2,124.3,158.3,10.8,1080.8,796.2,3,7.4,15,4,0.43113696894230213
168.9,42.2,124.3,158.3,10.8,1080.8,796.2,14,23.51,15,4,0.43113696894230213
168.9,42.2,124.3,158.3,10.8,1080.8,796.2,28,31.12,15,4,0.43113696894230213
168.9,42.2,124.3,158.3,10.8,1080.8,796.2,56,39.15,15,4,0.43113696894230213
168.9,42.2,124.3,158.3,10.8,1080.8,796.2,100,48.15,-1,4,0.43113696894230213
290.4,0.0,96.2,168.1,9.4,961.2,865.0,3,22.5,12,0,0.43113696894230213
290.4,0.0,96.2,168.1,9.4,961.2,865.0,14,34.67,12,0,0.43113696894230213
290.4,0.0,96.2,168.1,9.4,961.2,865.0,28,34.74,12,0,0.43113696894230213
290.4,0.0,96.2,168.1,9.4,961.2,865.0,56,45.08,12,0,0.43113696894230213
290.4,0.0,96.2,168.1,9.4,961.2,865.0,100,48.97,12,0,0.43113696894230213
277.1,0.0,97.4,160.6,11.8,973.9,875.6,3,23.14,12,0,0.43113696894230213
277.1,0.0,97.4,160.6,11.8,973.9,875.6,14,41.89,12,0,0.43113696894230213
277.1,0.0,97.4,160.6,11.8,973.9,875.6,28,48.28,12,0,0.43113696894230213
277.1,0.0,97.4,160.6,11.8,973.9,875.6,56,51.04,12,0,0.43113696894230213
277.1,0.0,97.4,160.6,11.8,973.9,875.6,100,55.64,12,0,0.43113696894230213
295.7,0.0,95.6,171.5,8.9,955.1,859.2,3,22.95,12,0,0.43113696894230213
295.7,0.0,95.6,171.5,8.9,955.1,859.2,14,35.23,12,0,0.43113696894230213
295.7,0.0,95.6,171.5,8.9,955.1,859.2,28,39.94,12,0,0.43113696894230213
295.7,0.0,95.6,171.5,8.9,955.1,859.2,56,48.72,12,0,0.43113696894230213
295.7,0.0,95.6,171.5,8.9,955.1,859.2,100,52.04,12,0,0.43113696894230213
251.8,0.0,99.9,146.1,12.4,1006.0,899.8,3,21.02,12,0,0.43113696894230213
251.8,0.0,99.9,146.1,12.4,1006.0,899.8,14,33.36,12,0,0.43113696894230213
251.8,0.0,99.9,146.1,12.4,1006.0,899.8,28,33.94,12,0,0.43113696894230213
251.8,0.0,99.9,146.1,12.4,1006.0,899.8,56,44.14,12,0,0.43113696894230213
251.8,0.0,99.9,146.1,12.4,1006.0,899.8,100,45.37,12,0,0.43113696894230213
249.1,0.0,98.8,158.1,12.8,987.8,889.0,3,15.36,12,0,0.43113696894230213
249.1,0.0,98.8,158.1,12.8,987.8,889.0,14,28.68,12,0,0.43113696894230213
249.1,0.0,98.8,158.1,12.8,987.8,889.0,28,30.85,12,0,0.43113696894230213
249.1,0.0,98.8,158.1,12.8,987.8,889.0,56,42.03,12,0,0.43113696894230213
249.1,0.0,98.8,158.1,12.8,987.8,889.0,100,51.06,12,0,0.43113696894230213
252.3,0.0,98.8,146.3,14.2,987.8,889.0,3,21.78,12,0,0.43113696894230213
252.3,0.0,98.8,146.3,14.2,987.8,889.0,14,42.29,12,0,0.43113696894230213
252.3,0.0,98.8,146.3,14.2,987.8,889.0,28,50.6,12,0,0.43113696894230213
252.3,0.0,98.8,146.3,14.2,987.8,889.0,56,55.83,12,0,0.43113696894230213
252.3,0.0,98.8,146.3,14.2,987.8,889.0,100,60.95,12,0,0.43113696894230213
246.8,0.0,125.1,143.3,12.0,1086.8,800.9,3,23.52,15,4,0.43113696894230213
246.8,0.0,125.1,143.3,12.0,1086.8,800.9,14,42.22,15,4,0.43113696894230213
246.8,0.0,125.1,143.3,12.0,1086.8,800.9,28,52.5,15,4,0.43113696894230213
246.8,0.0,125.1,143.3,12.0,1086.8,800.9,56,60.32,15,4,0.43113696894230213
246.8,0.0,125.1,143.3,12.0,1086.8,800.9,100,66.42,-1,4,0.43113696894230213
275.1,0.0,121.4,159.5,9.9,1053.6,777.5,3,23.8,15,4,0.43113696894230213
275.1,0.0,121.4,159.5,9.9,1053.6,777.5,14,38.77,15,4,0.43113696894230213
275.1,0.0,121.4,159.5,9.9,1053.6,777.5,28,51.33,15,4,0.43113696894230213
275.1,0.0,121.4,159.5,9.9,1053.6,777.5,56,56.85,-1,4,0.43113696894230213
275.1,0.0,121.4,159.5,9.9,1053.6,777.5,100,58.61,-1,4,0.43113696894230213
297.2,0.0,117.5,174.8,9.5,1022.8,753.5,3,21.91,15,4,0.43113696894230213
297.2,0.0,117.5,174.8,9.5,1022.8,753.5,14,36.99,15,4,0.43113696894230213
297.2,0.0,117.5,174.8,9.5,1022.8,753.5,28,47.4,-1,4,0.43113696894230213
297.2,0.0,117.5,174.8,9.5,1022.8,753.5,56,51.96,-1,4,0.43113696894230213
297.2,0.0,117.5,174.8,9.5,1022.8,753.5,100,56.74,-1,4,0.43113696894230213
213.7,0.0,174.7,154.8,10.2,1053.5,776.4,3,17.57,16,4,0.43113696894230213
213.7,0.0,174.7,154.8,10.2,1053.5,776.4,14,33.73,16,4,0.43113696894230213
213.7,0.0,174.7,154.8,10.2,1053.5,776.4,28,40.15,16,4,0.43113696894230213
213.7,0.0,174.7,154.8,10.2,1053.5,776.4,56,46.64,16,4,0.43113696894230213
213.7,0.0,174.7,154.8,10.2,1053.5,776.4,100,50.08,-1,4,0.43113696894230213
213.5,0.0,174.2,154.6,11.7,1052.3,775.5,3,17.37,16,4,0.43113696894230213
213.5,0.0,174.2,154.6,11.7,1052.3,775.5,14,33.7,16,4,0.43113696894230213
213.5,0.0,174.2,154.6,11.7,1052.3,775.5,28,45.94,16,4,0.43113696894230213
213.5,0.0,174.2,154.6,11.7,1052.3,775.5,56,51.43,16,4,0.43113696894230213
213.5,0.0,174.2,154.6,11.7,1052.3,775.5,100,59.3,-1,4,0.43113696894230213
277.2,97.8,24.5,160.7,11.2,1061.7,782.5,3,30.45,-1,5,0.43113696894230213
277.2,97.8,24.5,160.7,11.2,1061.7,782.5,14,47.71,-1,5,0.43113696894230213
277.2,97.8,24.5,160.7,11.2,1061.7,782.5,28,63.14,-1,5,0.43113696894230213
277.2,97.8,24.5,160.7,11.2,1061.7,782.5,56,66.82,-1,5,0.43113696894230213
277.2,97.8,24.5,160.7,11.2,1061.7,782.5,100,66.95,-1,5,0.43113696894230213
218.2,54.6,123.8,140.8,11.9,1075.7,792.7,3,27.42,-1,4,0.43113696894230213
218.2,54.6,123.8,140.8,11.9,1075.7,792.7,14,35.96,-1,4,0.43113696894230213
218.2,54.6,123.8,140.8,11.9,1075.7,792.7,28,55.51,-1,4,0.43113696894230213
218.2,54.6,123.8,140.8,11.9,1075.7,792.7,56,61.99,-1,4,0.43113696894230213
218.2,54.6,123.8,140.8,11.9,1075.7,792.7,100,63.53,-1,4,0.43113696894230213
214.9,53.8,121.9,155.6,9.6,1014.3,780.6,3,18.02,-1,4,0.43113696894230213
214.9,53.8,121.9,155.6,9.6,1014.3,780.6,14,38.6,-1,4,0.43113696894230213
214.9,53.8,121.9,155.6,9.6,1014.3,780.6,28,52.2,-1,4,0.43113696894230213
214.9,53.8,121.9,155.6,9.6,1014.3,780.6,56,53.96,-1,4,0.43113696894230213
214.9,53.8,121.9,155.6,9.6,1014.3,780.6,100,56.63,-1,4,0.43113696894230213
218.9,0.0,124.1,158.5,11.3,1078.7,794.9,3,15.34,15,4,0.43113696894230213
218.9,0.0,124.1,158.5,11.3,1078.7,794.9,14,26.05,15,4,0.43113696894230213
218.9,0.0,124.1,158.5,11.3,1078.7,794.9,28,30.22,15,4,0.43113696894230213
218.9,0.0,124.1,158.5,11.3,1078.7,794.9,56,37.27,15,4,0.43113696894230213
218.9,0.0,124.1,158.5,11.3,1078.7,794.9,100,46.23,15,4,0.43113696894230213
376.0,0.0,0.0,214.6,0.0,1003.5,762.4,3,16.28,4,5,0.43113696894230213
376.0,0.0,0.0,214.6,0.0,1003.5,762.4,14,25.62,4,5,0.43113696894230213
376.0,0.0,0.0,214.6,0.0,1003.5,762.4,28,31.97,4,5,0.43113696894230213
376.0,0.0,0.0,214.6,0.0,1003.5,762.4,56,36.3,4,5,0.43113696894230213
376.0,0.0,0.0,214.6,0.0,1003.5,762.4,100,43.06,4,5,0.43113696894230213
500.0,0.0,0.0,140.0,4.0,966.0,853.0,28,67.57,-1,6,0.43113696894230213
475.0,0.0,59.0,142.0,1.9,1098.0,641.0,28,57.23,0,6,0.43113696894230213
315.0,137.0,0.0,145.0,5.9,1130.0,745.0,28,81.75,-1,5,0.43113696894230213
505.0,0.0,60.0,195.0,0.0,1030.0,630.0,28,64.02,-1,6,0.43113696894230213
451.0,0.0,0.0,165.0,11.3,1030.0,745.0,28,78.8,4,6,0.43113696894230213
516.0,0.0,0.0,162.0,8.2,801.0,802.0,28,41.37,-1,6,0.43113696894230213
520.0,0.0,0.0,170.0,5.2,855.0,855.0,28,60.28,-1,6,0.43113696894230213
528.0,0.0,0.0,185.0,6.9,920.0,720.0,28,56.83,-1,6,0.43113696894230213
520.0,0.0,0.0,175.0,5.2,870.0,805.0,28,51.02,-1,6,0.43113696894230213
385.0,0.0,136.0,158.0,20.0,903.0,768.0,28,55.55,-1,6,0.43113696894230213
500.1,0.0,0.0,200.0,3.0,1124.4,613.2,28,44.13,0,6,0.43113696894230213
450.1,50.0,0.0,200.0,3.0,1124.4,613.2,28,39.38,0,6,0.43113696894230213
397.0,17.2,158.0,167.0,20.8,967.0,633.0,28,55.65,-1,6,0.43113696894230213
333.0,17.5,163.0,167.0,17.9,996.0,652.0,28,47.28,-1,6,0.43113696894230213
334.0,17.6,158.0,189.0,15.3,967.0,633.0,28,44.33,-1,6,0.43113696894230213
405.0,0.0,0.0,175.0,0.0,1120.0,695.0,28,52.3,4,5,0.43113696894230213
200.0,200.0,0.0,190.0,0.0,1145.0,660.0,28,49.25,-1,9,0.43113696894230213
516.0,0.0,0.0,162.0,8.3,801.0,802.0,28,41.37,-1,6,0.43113696894230213
145.0,116.0,119.0,184.0,5.7,833.0,880.0,28,29.16,-1,3,0.43113696894230213
160.0,128.0,122.0,182.0,6.4,824.0,879.0,28,39.4,-1,1,0.43113696894230213
234.0,156.0,0.0,189.0,5.9,981.0,760.0,28,39.3,10,9,0.43113696894230213
250.0,180.0,95.0,159.0,9.5,860.0,800.0,28,67.87,-1,1,0.43113696894230213
475.0,0.0,0.0,162.0,9.5,1044.0,662.0,28,58.52,0,6,0.43113696894230213
285.0,190.0,0.0,163.0,7.6,1031.0,685.0,28,53.58,-1,9,0.43113696894230213
356.0,119.0,0.0,160.0,9.0,1061.0,657.0,28,59.0,-1,5,0.43113696894230213
275.0,180.0,120.0,162.0,10.4,830.0,765.0,28,76.24,-1,1,0.43113696894230213
500.0,0.0,0.0,151.0,9.0,1033.0,655.0,28,69.84,-1,6,0.43113696894230213
165.0,0.0,143.6,163.8,0.0,1005.6,900.9,3,14.4,12,0,0.43113696894230213
165.0,128.5,132.1,175.1,8.1,1005.8,746.6,3,19.42,14,3,0.43113696894230213
178.0,129.8,118.6,179.9,3.6,1007.3,746.8,3,20.73,14,3,0.43113696894230213
167.4,129.9,128.6,175.5,7.8,1006.3,746.6,3,14.94,14,3,0.43113696894230213
172.4,13.6,172.4,156.8,4.1,1006.3,856.4,3,21.29,12,4,0.43113696894230213
173.5,50.1,173.5,164.8,6.5,1006.2,793.5,3,23.08,-1,4,0.43113696894230213
167.0,75.4,167.0,164.0,7.9,1007.3,770.1,3,15.52,14,4,0.43113696894230213
173.8,93.4,159.9,172.3,9.7,1007.2,746.6,3,15.82,14,4,0.43113696894230213
190.3,0.0,125.2,166.6,9.9,1079.0,798.9,3,12.55,15,4,0.43113696894230213
250.0,0.0,95.7,191.8,5.3,948.9,857.2,3,8.49,12,0,0.43113696894230213
213.5,0.0,174.2,159.2,11.7,1043.6,771.9,3,15.61,16,4,0.43113696894230213
194.7,0.0,100.5,170.2,7.5,998.0,901.8,3,12.18,12,0,0.43113696894230213
251.4,0.0,118.3,192.9,5.8,1043.6,754.3,3,11.98,15,4,0.43113696894230213
165.0,0.0,143.6,163.8,0.0,1005.6,900.9,14,16.88,12,0,0.43113696894230213
165.0,128.5,132.1,175.1,8.1,1005.8,746.6,14,33.09,14,3,0.43113696894230213
178.0,129.8,118.6,179.9,3.6,1007.3,746.8,14,34.24,14,3,0.43113696894230213
167.4,129.9,128.6,175.5,7.8,1006.3,746.6,14,31.81,14,3,0.43113696894230213
172.4,13.6,172.4,156.8,4.1,1006.3,856.4,14,29.75,12,4,0.43113696894230213
173.5,50.1,173.5,164.8,6.5,1006.2,793.5,14,33.01,14,4,0.43113696894230213
167.0,75.4,167.0,164.0,7.9,1007.3,770.1,14,32.9,14,4,0.43113696894230213
173.8,93.4,159.9,172.3,9.7,1007.2,746.6,14,29.55,14,4,0.43113696894230213
190.3,0.0,125.2,166.6,9.9,1079.0,798.9,14,19.42,15,4,0.43113696894230213
250.0,0.0,95.7,191.8,5.3,948.9,857.2,14,24.66,12,0,0.43113696894230213
213.5,0.0,174.2,159.2,11.7,1043.6,771.9,14,29.59,16,4,0.43113696894230213
194.7,0.0,100.5,170.2,7.5,998.0,901.8,14,24.28,12,0,0.43113696894230213
251.4,0.0,118.3,192.9,5.8,1043.6,754.3,14,20.73,15,4,0.43113696894230213
165.0,0.0,143.6,163.8,0.0,1005.6,900.9,28,26.2,12,0,0.43113696894230213
165.0,128.5,132.1,175.1,8.1,1005.8,746.6,28,46.39,14,3,0.43113696894230213
178.0,129.8,118.6,179.9,3.6,1007.3,746.8,28,39.16,14,3,0.43113696894230213
167.4,129.9,128.6,175.5,7.8,1006.3,746.6,28,41.2,14,3,0.43113696894230213
172.4,13.6,172.4,156.8,4.1,1006.3,856.4,28,33.69,12,4,0.43113696894230213
173.5,50.1,173.5,164.8,6.5,1006.2,793.5,28,38.2,14,4,0.43113696894230213
167.0,75.4,167.0,164.0,7.9,1007.3,770.1,28,41.41,14,4,0.43113696894230213
173.8,93.4,159.9,172.3,9.7,1007.2,746.6,28,37.81,14,4,0.43113696894230213
190.3,0.0,125.2,166.6,9.9,1079.0,798.9,28,24.85,15,4,0.43113696894230213
250.0,0.0,95.7,191.8,5.3,948.9,857.2,28,27.22,12,0,0.43113696894230213
213.5,0.0,174.2,159.2,11.7,1043.6,771.9,28,44.64,16,4,0.43113696894230213
194.7,0.0,100.5,170.2,7.5,998.0,901.8,28,37.27,12,0,0.43113696894230213
251.4,0.0,118.3,192.9,5.8,1043.6,754.3,28,33.27,15,4,0.43113696894230213
165.0,0.0,143.6,163.8,0.0,1005.6,900.9,56,36.56,12,0,0.43113696894230213
165.0,128.5,132.1,175.1,8.1,1005.8,746.6,56,53.72,14,3,0.43113696894230213
178.0,129.8,118.6,179.9,3.6,1007.3,746.8,56,48.59,14,3,0.43113696894230213
167.4,129.9,128.6,175.5,7.8,1006.3,746.6,56,51.72,14,3,0.43113696894230213
172.4,13.6,172.4,156.8,4.1,1006.3,856.4,56,35.85,12,4,0.43113696894230213
173.5,50.1,173.5,164.8,6.5,1006.2,793.5,56,53.77,14,4,0.43113696894230213
167.0,75.4,167.0,164.0,7.9,1007.3,770.1,56,53.46,14,4,0.43113696894230213
173.8,93.4,159.9,172.3,9.7,1007.2,746.6,56,48.99,14,4,0.43113696894230213
190.3,0.0,125.2,166.6,9.9,1079.0,798.9,56,31.72,15,4,0.43113696894230213
250.0,0.0,95.7,191.8,5.3,948.9,857.2,56,39.64,12,0,0.43113696894230213
213.5,0.0,174.2,159.2,11.7,1043.6,771.9,56,51.26,16,4,0.43113696894230213
194.7,0.0,100.5,170.2,7.5,998.0,901.8,56,43.39,12,0,0.43113696894230213
251.4,0.0,118.3,192.9,5.8,1043.6,754.3,56,39.27,15,4,0.43113696894230213
165.0,0.0,143.6,163.8,0.0,1005.6,900.9,100,37.96,-1,0,0.43113696894230213
165.0,128.5,132.1,175.1,8.1,1005.8,746.6,100,55.02,-1,3,0.43113696894230213
178.0,129.8,118.6,179.9,3.6,1007.3,746.8,100,49.99,-1,3,0.43113696894230213
167.4,129.9,128.6,175.5,7.8,1006.3,746.6,100,53.66,-1,3,0.43113696894230213
172.4,13.6,172.4,156.8,4.1,1006.3,856.4,100,37.68,-1,4,0.43113696894230213
173.5,50.1,173.5,164.8,6.5,1006.2,793.5,100,56.06,-1,4,0.43113696894230213
167.0,75.4,167.0,164.0,7.9,1007.3,770.1,100,56.81,-1,4,0.43113696894230213
173.8,93.4,159.9,172.3,9.7,1007.2,746.6,100,50.94,14,4,0.43113696894230213
190.3,0.0,125.2,166.6,9.9,1079.0,798.9,100,33.56,15,4,0.43113696894230213
250.0,0.0,95.7,191.8,5.3,948.9,857.2,100,41.16,12,0,0.43113696894230213
213.5,0.0,174.2,159.2,11.7,1043.6,771.9,100,52.96,-1,4,0.43113696894230213
194.7,0.0,100.5,170.2,7.5,998.0,901.8,100,44.28,12,0,0.43113696894230213
251.4,0.0,118.3,192.9,5.8,1043.6,754.3,100,40.15,15,4,0.43113696894230213
446.0,24.0,79.0,162.0,11.6,967.0,712.0,28,57.03,3,6,0.43113696894230213
446.0,24.0,79.0,162.0,11.6,967.0,712.0,28,44.42,3,6,0.43113696894230213
446.0,24.0,79.0,162.0,11.6,967.0,712.0,28,51.02,3,6,0.43113696894230213
446.0,24.0,79.0,162.0,10.3,967.0,712.0,28,53.39,3,6,0.43113696894230213
446.0,24.0,79.0,162.0,11.6,967.0,712.0,3,35.36,3,6,0.43113696894230213
446.0,24.0,79.0,162.0,11.6,967.0,712.0,3,25.02,3,6,0.43113696894230213
446.0,24.0,79.0,162.0,11.6,967.0,712.0,3,23.35,3,6,0.43113696894230213
446.0,24.0,79.0,162.0,11.6,967.0,712.0,7,52.01,3,6,0.43113696894230213
446.0,24.0,79.0,162.0,11.6,967.0,712.0,7,38.02,3,6,0.43113696894230213
446.0,24.0,79.0,162.0,11.6,967.0,712.0,7,39.3,3,6,0.43113696894230213
446.0,24.0,79.0,162.0,11.6,967.0,712.0,56,61.07,3,6,0.43113696894230213
446.0,24.0,79.0,162.0,11.6,967.0,712.0,56,56.14,3,6,0.43113696894230213
446.0,24.0,79.0,162.0,11.6,967.0,712.0,56,55.25,3,6,0.43113696894230213
446.0,24.0,79.0,162.0,10.3,967.0,712.0,56,54.77,3,6,0.43113696894230213
387.0,20.0,94.0,157.0,14.3,938.0,845.0,28,50.24,9,2,0.43113696894230213
387.0,20.0,94.0,157.0,13.9,938.0,845.0,28,46.68,9,2,0.43113696894230213
387.0,20.0,94.0,157.0,11.6,938.0,845.0,28,46.68,9,2,0.43113696894230213
387.0,20.0,94.0,157.0,14.3,938.0,845.0,3,22.75,9,2,0.43113696894230213
387.0,20.0,94.0,157.0,13.9,938.0,845.0,3,25.51,9,2,0.43113696894230213
387.0,20.0,94.0,157.0,11.6,938.0,845.0,3,34.77,9,2,0.43113696894230213
387.0,20.0,94.0,157.0,14.3,938.0,845.0,7,36.84,9,2,0.43113696894230213
387.0,20.0,94.0,157.0,13.9,938.0,845.0,7,45.9,9,2,0.43113696894230213
387.0,20.0,94.0,157.0,11.6,938.0,845.0,7,41.67,9,2,0.43113696894230213
387.0,20.0,94.0,157.0,14.3,938.0,845.0,56,56.34,9,2,0.43113696894230213
387.0,20.0,94.0,157.0,13.9,938.0,845.0,56,47.97,9,2,0.43113696894230213
387.0,20.0,94.0,157.0,11.6,938.0,845.0,56,61.46,9,2,0.43113696894230213
355.0,19.0,97.0,145.0,13.1,967.0,871.0,28,44.03,9,2,0.43113696894230213
355.0,19.0,97.0,145.0,12.3,967.0,871.0,28,55.45,9,2,0.43113696894230213
491.0,26.0,123.0,210.0,3.9,882.0,699.0,28,55.55,-1,6,0.43113696894230213
491.0,26.0,123.0,201.0,3.9,822.0,699.0,28,57.92,-1,6,0.43113696894230213
491.0,26.0,123.0,210.0,3.9,882.0,699.0,3,25.61,-1,6,0.43113696894230213
491.0,26.0,123.0,210.0,3.9,882.0,699.0,7,33.49,-1,6,0.43113696894230213
491.0,26.0,123.0,210.0,3.9,882.0,699.0,56,59.59,-1,6,0.43113696894230213
491.0,26.0,123.0,201.0,3.9,822.0,699.0,3,29.55,-1,6,0.43113696894230213
491.0,26.0,123.0,201.0,3.9,822.0,699.0,7,37.92,-1,6,0.43113696894230213
491.0,26.0,123.0,201.0,3.9,822.0,699.0,56,61.86,-1,6,0.43113696894230213
424.0,22.0,132.0,178.0,8.5,822.0,750.0,28,62.05,-1,6,0.43113696894230213
424.0,22.0,132.0,178.0,8.5,882.0,750.0,3,32.01,-1,6,0.43113696894230213
424.0,22.0,132.0,168.0,8.9,822.0,750.0,28,72.1,-1,6,0.43113696894230213
424.0,22.0,132.0,178.0,8.5,822.0,750.0,7,39.0,-1,6,0.43113696894230213
424.0,22.0,132.0,178.0,8.5,822.0,750.0,56,65.7,-1,6,0.43113696894230213
424.0,22.0,132.0,168.0,8.9,822.0,750.0,3,32.11,-1,6,0.43113696894230213
424.0,22.0,132.0,168.0,8.9,822.0,750.0,7,40.29,-1,6,0.43113696894230213
424.0,22.0,132.0,168.0,8.9,822.0,750.0,56,74.36,-1,6,0.43113696894230213
202.0,11.0,141.0,206.0,1.7,942.0,801.0,28,21.97,-1,0,0.43113696894230213
202.0,11.0,141.0,206.0,1.7,942.0,801.0,3,9.85,-1,0,0.43113696894230213
202.0,11.0,141.0,206.0,1.7,942.0,801.0,7,15.07,-1,0,0.43113696894230213
202.0,11.0,141.0,206.0,1.7,942.0,801.0,56,23.25,-1,0,0.43113696894230213
284.0,15.0,141.0,179.0,5.5,842.0,801.0,28,43.73,8,0,0.43113696894230213
284.0,15.0,141.0,179.0,5.5,842.0,801.0,3,13.4,8,0,0.43113696894230213
284.0,15.0,141.0,179.0,5.5,842.0,801.0,7,24.13,8,0,0.43113696894230213
284.0,15.0,141.0,179.0,5.5,842.0,801.0,56,44.52,8,0,0.43113696894230213
359.0,19.0,141.0,154.0,10.9,942.0,801.0,28,62.94,8,7,0.43113696894230213
359.0,19.0,141.0,154.0,10.9,942.0,801.0,28,59.49,8,7,0.43113696894230213
359.0,19.0,141.0,154.0,10.9,942.0,801.0,3,25.12,8,7,0.43113696894230213
359.0,19.0,141.0,154.0,10.9,942.0,801.0,3,23.64,8,7,0.43113696894230213
359.0,19.0,141.0,154.0,10.9,942.0,801.0,7,35.75,8,7,0.43113696894230213
359.0,19.0,141.0,154.0,10.9,942.0,801.0,7,38.61,8,7,0.43113696894230213
359.0,19.0,141.0,154.0,10.9,942.0,801.0,56,68.75,8,7,0.43113696894230213
359.0,19.0,141.0,154.0,10.9,942.0,801.0,56,66.78,8,7,0.43113696894230213
436.0,0.0,0.0,218.0,0.0,838.4,719.7,28,23.85,-1,6,0.43113696894230213
289.0,0.0,0.0,192.0,0.0,913.2,895.3,90,32.07,4,0,0.43113696894230213
289.0,0.0,0.0,192.0,0.0,913.2,895.3,3,11.65,4,0,0.43113696894230213
393.0,0.0,0.0,192.0,0.0,940.6,785.6,3,19.2,4,2,0.43113696894230213
393.0,0.0,0.0,192.0,0.0,940.6,785.6,90,48.85,4,2,0.43113696894230213
393.0,0.0,0.0,192.0,0.0,940.6,785.6,28,39.6,4,2,0.43113696894230213
480.0,0.0,0.0,192.0,0.0,936.2,712.2,28,43.94,-1,6,0.43113696894230213
480.0,0.0,0.0,192.0,0.0,936.2,712.2,7,34.57,-1,6,0.43113696894230213
480.0,0.0,0.0,192.0,0.0,936.2,712.2,90,54.32,-1,6,0.43113696894230213
480.0,0.0,0.0,192.0,0.0,936.2,712.2,3,24.4,-1,6,0.43113696894230213
333.0,0.0,0.0,192.0,0.0,931.2,842.6,3,15.62,4,2,0.43113696894230213
255.0,0.0,0.0,192.0,0.0,889.8,945.0,90,21.86,-1,0,0.43113696894230213
255.0,0.0,0.0,192.0,0.0,889.8,945.0,7,10.22,-1,0,0.43113696894230213
289.0,0.0,0.0,192.0,0.0,913.2,895.3,7,14.6,4,0,0.43113696894230213
255.0,0.0,0.0,192.0,0.0,889.8,945.0,28,18.75,-1,0,0.43113696894230213
333.0,0.0,0.0,192.0,0.0,931.2,842.6,28,31.97,4,2,0.43113696894230213
333.0,0.0,0.0,192.0,0.0,931.2,842.6,7,23.4,4,2,0.43113696894230213
289.0,0.0,0.0,192.0,0.0,913.2,895.3,28,25.57,4,0,0.43113696894230213
333.0,0.0,0.0,192.0,0.0,931.2,842.6,90,41.68,4,2,0.43113696894230213
393.0,0.0,0.0,192.0,0.0,940.6,785.6,7,27.74,4,2,0.43113696894230213
255.0,0.0,0.0,192.0,0.0,889.8,945.0,3,8.2,-1,0,0.43113696894230213
158.8,238.2,0.0,185.7,0.0,1040.6,734.3,7,9.62,6,9,0.43113696894230213
239.6,359.4,0.0,185.7,0.0,941.6,664.3,7,25.42,-1,9,0.43113696894230213
238.2,158.8,0.0,185.7,0.0,1040.6,734.3,7,15.69,10,9,0.43113696894230213
181.9,272.8,0.0,185.7,0.0,1012.4,714.3,28,27.94,6,9,0.43113696894230213
193.5,290.2,0.0,185.7,0.0,998.2,704.3,28,32.63,6,9,0.43113696894230213
255.5,170.3,0.0,185.7,0.0,1026.6,724.3,7,17.24,10,9,0.43113696894230213
272.8,181.9,0.0,185.7,0.0,1012.4,714.3,7,19.77,10,9,0.43113696894230213
239.6,359.4,0.0,185.7,0.0,941.6,664.3,28,39.44,-1,9,0.43113696894230213
220.8,147.2,0.0,185.7,0.0,1055.0,744.3,28,25.75,10,9,0.43113696894230213
397.0,0.0,0.0,185.7,0.0,1040.6,734.3,28,33.08,4,5,0.43113696894230213
382.5,0.0,0.0,185.7,0.0,1047.8,739.3,7,24.07,4,5,0.43113696894230213
210.7,316.1,0.0,185.7,0.0,977.0,689.3,7,21.82,6,9,0.43113696894230213
158.8,238.2,0.0,185.7,0.0,1040.6,734.3,28,21.07,6,9,0.43113696894230213
295.8,0.0,0.0,185.7,0.0,1091.4,769.3,7,14.84,4,5,0.43113696894230213
255.5,170.3,0.0,185.7,0.0,1026.6,724.3,28,32.05,10,9,0.43113696894230213
203.5,135.7,0.0,185.7,0.0,1076.2,759.3,7,11.96,10,9,0.43113696894230213
397.0,0.0,0.0,185.7,0.0,1040.6,734.3,7,25.45,4,5,0.43113696894230213
381.4,0.0,0.0,185.7,0.0,1104.6,784.3,28,22.49,4,5,0.43113696894230213
295.8,0.0,0.0,185.7,0.0,1091.4,769.3,28,25.22,4,5,0.43113696894230213
228.0,342.1,0.0,185.7,0.0,955.8,674.3,28,39.7,-1,9,0.43113696894230213
220.8,147.2,0.0,185.7,0.0,1055.0,744.3,7,13.09,10,9,0.43113696894230213
316.1,210.7,0.0,185.7,0.0,977.0,689.3,28,38.7,-1,8,0.43113696894230213
135.7,203.5,0.0,185.7,0.0,1076.2,759.3,7,7.51,-1,3,0.43113696894230213
238.1,0.0,0.0,185.7,0.0,1118.8,789.3,28,17.58,4,5,0.43113696894230213
339.2,0.0,0.0,185.7,0.0,1069.2,754.3,7,21.18,4,5,0.43113696894230213
135.7,203.5,0.0,185.7,0.0,1076.2,759.3,28,18.2,-1,3,0.43113696894230213
193.5,290.2,0.0,185.7,0.0,998.2,704.3,7,17.2,6,9,0.43113696894230213
203.5,135.7,0.0,185.7,0.0,1076.2,759.3,28,22.63,10,9,0.43113696894230213
290.2,193.5,0.0,185.7,0.0,998.2,704.3,7,21.86,10,9,0.43113696894230213
181.9,272.8,0.0,185.7,0.0,1012.4,714.3,7,12.37,6,9,0.43113696894230213
170.3,155.5,0.0,185.7,0.0,1026.6,724.3,28,25.73,-1,9,0.43113696894230213
210.7,316.1,0.0,185.7,0.0,977.0,689.3,28,37.81,6,9,0.43113696894230213
228.0,342.1,0.0,185.7,0.0,955.8,674.3,7,21.92,6,9,0.43113696894230213
290.2,193.5,0.0,185.7,0.0,998.2,704.3,28,33.04,10,9,0.43113696894230213
381.4,0.0,0.0,185.7,0.0,1104.6,784.3,7,14.54,4,5,0.43113696894230213
238.2,158.8,0.0,185.7,0.0,1040.6,734.3,28,26.91,10,9,0.43113696894230213
186.2,124.1,0.0,185.7,0.0,1083.4,764.3,7,8.0,10,9,0.43113696894230213
339.2,0.0,0.0,185.7,0.0,1069.2,754.3,28,31.9,4,5,0.43113696894230213
238.1,0.0,0.0,185.7,0.0,1118.8,789.3,7,10.34,4,5,0.43113696894230213
252.5,0.0,0.0,185.7,0.0,1111.6,784.3,28,19.77,4,5,0.43113696894230213
382.5,0.0,0.0,185.7,0.0,1047.8,739.3,28,37.44,4,5,0.43113696894230213
252.5,0.0,0.0,185.7,0.0,1111.6,784.3,7,11.48,4,5,0.43113696894230213
316.1,210.7,0.0,185.7,0.0,977.0,689.3,7,24.44,10,8,0.43113696894230213
186.2,124.1,0.0,185.7,0.0,1083.4,764.3,28,17.6,10,9,0.43113696894230213
170.3,155.5,0.0,185.7,0.0,1026.6,724.3,7,10.73,-1,9,0.43113696894230213
272.8,181.9,0.0,185.7,0.0,1012.4,714.3,28,31.38,10,9,0.43113696894230213
339.0,0.0,0.0,197.0,0.0,968.0,781.0,3,13.22,4,5,0.43113696894230213
339.0,0.0,0.0,197.0,0.0,968.0,781.0,7,20.97,4,5,0.43113696894230213
339.0,0.0,0.0,197.0,0.0,968.0,781.0,14,27.04,4,5,0.43113696894230213
339.0,0.0,0.0,197.0,0.0,968.0,781.0,28,32.04,4,5,0.43113696894230213
339.0,0.0,0.0,197.0,0.0,968.0,781.0,90,35.17,4,2,0.43113696894230213
339.0,0.0,0.0,197.0,0.0,968.0,781.0,180,36.45,4,2,0.43113696894230213
339.0,0.0,0.0,197.0,0.0,968.0,781.0,365,38.89,-1,2,0.43113696894230213
236.0,0.0,0.0,194.0,0.0,968.0,885.0,3,6.47,4,0,0.43113696894230213
236.0,0.0,0.0,194.0,0.0,968.0,885.0,14,12.84,4,0,0.43113696894230213
236.0,0.0,0.0,194.0,0.0,968.0,885.0,28,18.42,4,0,0.43113696894230213
236.0,0.0,0.0,194.0,0.0,968.0,885.0,90,21.95,4,0,0.43113696894230213
236.0,0.0,0.0,193.0,0.0,968.0,885.0,180,24.1,-1,0,0.43113696894230213
236.0,0.0,0.0,193.0,0.0,968.0,885.0,365,25.08,-1,0,0.43113696894230213
277.0,0.0,0.0,191.0,0.0,968.0,856.0,14,21.26,4,0,0.43113696894230213
277.0,0.0,0.0,191.0,0.0,968.0,856.0,28,25.97,4,0,0.43113696894230213
277.0,0.0,0.0,191.0,0.0,968.0,856.0,3,11.36,4,0,0.43113696894230213
277.0,0.0,0.0,191.0,0.0,968.0,856.0,90,31.25,4,2,0.43113696894230213
277.0,0.0,0.0,191.0,0.0,968.0,856.0,180,32.33,4,2,0.43113696894230213
277.0,0.0,0.0,191.0,0.0,968.0,856.0,360,33.7,-1,2,0.43113696894230213
254.0,0.0,0.0,198.0,0.0,968.0,863.0,3,9.31,4,0,0.43113696894230213
254.0,0.0,0.0,198.0,0.0,968.0,863.0,90,26.94,4,0,0.43113696894230213
254.0,0.0,0.0,198.0,0.0,968.0,863.0,180,27.63,4,0,0.43113696894230213
254.0,0.0,0.0,198.0,0.0,968.0,863.0,365,29.79,-1,2,0.43113696894230213
307.0,0.0,0.0,193.0,0.0,968.0,812.0,180,34.49,4,2,0.43113696894230213
307.0,0.0,0.0,193.0,0.0,968.0,812.0,365,36.15,-1,2,0.43113696894230213
307.0,0.0,0.0,193.0,0.0,968.0,812.0,3,12.54,4,2,0.43113696894230213
307.0,0.0,0.0,193.0,0.0,968.0,812.0,28,27.53,4,2,0.43113696894230213
307.0,0.0,0.0,193.0,0.0,968.0,812.0,90,32.92,4,2,0.43113696894230213
236.0,0.0,0.0,193.0,0.0,968.0,885.0,7,9.99,4,0,0.43113696894230213
200.0,0.0,0.0,180.0,0.0,1125.0,845.0,7,7.84,4,4,0.43113696894230213
200.0,0.0,0.0,180.0,0.0,1125.0,845.0,28,12.25,4,4,0.43113696894230213
225.0,0.0,0.0,181.0,0.0,1113.0,833.0,7,11.17,4,4,0.43113696894230213
225.0,0.0,0.0,181.0,0.0,1113.0,833.0,28,17.34,4,4,0.43113696894230213
325.0,0.0,0.0,184.0,0.0,1063.0,783.0,7,17.54,4,5,0.43113696894230213
325.0,0.0,0.0,184.0,0.0,1063.0,783.0,28,30.57,4,5,0.43113696894230213
275.0,0.0,0.0,183.0,0.0,1088.0,808.0,7,14.2,4,5,0.43113696894230213
275.0,0.0,0.0,183.0,0.0,1088.0,808.0,28,24.5,4,5,0.43113696894230213
300.0,0.0,0.0,184.0,0.0,1075.0,795.0,7,15.58,4,5,0.43113696894230213
300.0,0.0,0.0,184.0,0.0,1075.0,795.0,28,26.85,4,5,0.43113696894230213
375.0,0.0,0.0,186.0,0.0,1038.0,758.0,7,26.06,4,5,0.43113696894230213
375.0,0.0,0.0,186.0,0.0,1038.0,758.0,28,38.21,4,5,0.43113696894230213
400.0,0.0,0.0,187.0,0.0,1025.0,745.0,28,43.7,4,5,0.43113696894230213
400.0,0.0,0.0,187.0,0.0,1025.0,745.0,7,30.14,4,5,0.43113696894230213
250.0,0.0,0.0,182.0,0.0,1100.0,820.0,7,12.73,4,5,0.43113696894230213
250.0,0.0,0.0,182.0,0.0,1100.0,820.0,28,20.87,4,5,0.43113696894230213
350.0,0.0,0.0,186.0,0.0,1050.0,770.0,7,20.28,4,5,0.43113696894230213
350.0,0.0,0.0,186.0,0.0,1050.0,770.0,28,34.29,4,5,0.43113696894230213
203.5,305.3,0.0,203.5,0.0,963.4,630.0,7,19.54,-1,9,0.43113696894230213
250.2,166.8,0.0,203.5,0.0,977.6,694.1,90,47.71,-1,9,0.43113696894230213
157.0,236.0,0.0,192.0,0.0,935.4,781.2,90,43.38,-1,3,0.43113696894230213
141.3,212.0,0.0,203.5,0.0,971.8,748.5,28,29.89,10,3,0.43113696894230213
166.8,250.2,0.0,203.5,0.0,975.6,692.6,3,6.9,6,9,0.43113696894230213
122.6,183.9,0.0,203.5,0.0,958.2,800.1,90,33.19,-1,3,0.43113696894230213
183.9,122.6,0.0,203.5,0.0,959.2,800.0,3,4.9,10,3,0.43113696894230213
102.0,153.0,0.0,192.0,0.0,887.0,942.0,3,4.57,-1,3,0.43113696894230213
102.0,153.0,0.0,192.0,0.0,887.0,942.0,90,25.46,-1,3,0.43113696894230213
122.6,183.9,0.0,203.5,0.0,958.2,800.1,28,24.29,10,3,0.43113696894230213
166.8,250.2,0.0,203.5,0.0,975.6,692.6,28,33.95,6,9,0.43113696894230213
200.0,133.0,0.0,192.0,0.0,965.4,806.2,3,11.41,10,3,0.43113696894230213
108.3,162.4,0.0,203.5,0.0,938.2,849.0,28,20.59,10,3,0.43113696894230213
305.3,203.5,0.0,203.5,0.0,965.4,631.0,7,25.89,-1,8,0.43113696894230213
108.3,162.4,0.0,203.5,0.0,938.2,849.0,90,29.23,-1,3,0.43113696894230213
116.0,173.0,0.0,192.0,0.0,909.8,891.9,90,31.02,-1,3,0.43113696894230213
141.3,212.0,0.0,203.5,0.0,971.8,748.5,7,10.39,10,3,0.43113696894230213
157.0,236.0,0.0,192.0,0.0,935.4,781.2,28,33.66,-1,3,0.43113696894230213
133.0,200.0,0.0,192.0,0.0,927.4,839.2,28,27.87,10,3,0.43113696894230213
250.2,166.8,0.0,203.5,0.0,977.6,694.1,7,19.35,10,9,0.43113696894230213
173.0,116.0,0.0,192.0,0.0,946.8,856.8,7,11.39,10,3,0.43113696894230213
192.0,288.0,0.0,192.0,0.0,929.8,716.1,3,12.79,-1,9,0.43113696894230213
192.0,288.0,0.0,192.0,0.0,929.8,716.1,28,39.32,-1,9,0.43113696894230213
153.0,102.0,0.0,192.0,0.0,888.0,943.1,3,4.78,-1,3,0.43113696894230213
288.0,192.0,0.0,192.0,0.0,932.0,717.8,3,16.11,-1,8,0.43113696894230213
305.3,203.5,0.0,203.5,0.0,965.4,631.0,28,43.38,-1,8,0.43113696894230213
236.0,157.0,0.0,192.0,0.0,972.6,749.1,7,20.42,10,9,0.43113696894230213
173.0,116.0,0.0,192.0,0.0,946.8,856.8,3,6.94,10,3,0.43113696894230213
212.0,141.3,0.0,203.5,0.0,973.4,750.0,7,15.03,10,9,0.43113696894230213
236.0,157.0,0.0,192.0,0.0,972.6,749.1,3,13.57,10,9,0.43113696894230213
183.9,122.6,0.0,203.5,0.0,959.2,800.0,90,32.53,-1,3,0.43113696894230213
166.8,250.2,0.0,203.5,0.0,975.6,692.6,7,15.75,6,9,0.43113696894230213
102.0,153.0,0.0,192.0,0.0,887.0,942.0,7,7.68,-1,3,0.43113696894230213
288.0,192.0,0.0,192.0,0.0,932.0,717.8,28,38.8,11,8,0.43113696894230213
212.0,141.3,0.0,203.5,0.0,973.4,750.0,28,33.0,10,9,0.43113696894230213
102.0,153.0,0.0,192.0,0.0,887.0,942.0,28,17.28,-1,3,0.43113696894230213
173.0,116.0,0.0,192.0,0.0,946.8,856.8,28,24.28,10,3,0.43113696894230213
183.9,122.6,0.0,203.5,0.0,959.2,800.0,28,24.05,10,3,0.43113696894230213
133.0,200.0,0.0,192.0,0.0,927.4,839.2,90,36.59,-1,3,0.43113696894230213
192.0,288.0,0.0,192.0,0.0,929.8,716.1,90,50.73,-1,9,0.43113696894230213
133.0,200.0,0.0,192.0,0.0,927.4,839.2,7,13.66,10,3,0.43113696894230213
305.3,203.5,0.0,203.5,0.0,965.4,631.0,3,14.14,-1,9,0.43113696894230213
236.0,157.0,0.0,192.0,0.0,972.6,749.1,90,47.78,-1,9,0.43113696894230213
108.3,162.4,0.0,203.5,0.0,938.2,849.0,3,2.33,10,3,0.43113696894230213
157.0,236.0,0.0,192.0,0.0,935.4,781.2,7,16.89,-1,3,0.43113696894230213
288.0,192.0,0.0,192.0,0.0,932.0,717.8,7,23.52,-1,8,0.43113696894230213
212.0,141.3,0.0,203.5,0.0,973.4,750.0,3,6.81,10,9,0.43113696894230213
212.0,141.3,0.0,203.5,0.0,973.4,750.0,90,39.7,-1,9,0.43113696894230213
153.0,102.0,0.0,192.0,0.0,888.0,943.1,28,17.96,-1,3,0.43113696894230213
236.0,157.0,0.0,192.0,0.0,972.6,749.1,28,32.88,10,9,0.43113696894230213
116.0,173.0,0.0,192.0,0.0,909.8,891.9,28,22.35,10,3,0.43113696894230213
183.9,122.6,0.0,203.5,0.0,959.2,800.0,7,10.79,10,3,0.43113696894230213
108.3,162.4,0.0,203.5,0.0,938.2,849.0,7,7.72,10,3,0.43113696894230213
203.5,305.3,0.0,203.5,0.0,963.4,630.0,28,41.68,-1,9,0.43113696894230213
203.5,305.3,0.0,203.5,0.0,963.4,630.0,3,9.56,-1,9,0.43113696894230213
133.0,200.0,0.0,192.0,0.0,927.4,839.2,3,6.88,10,3,0.43113696894230213
288.0,192.0,0.0,192.0,0.0,932.0,717.8,90,50.53,-1,8,0.43113696894230213
200.0,133.0,0.0,192.0,0.0,965.4,806.2,7,17.17,10,3,0.43113696894230213
200.0,133.0,0.0,192.0,0.0,965.4,806.2,28,30.44,10,3,0.43113696894230213
250.2,166.8,0.0,203.5,0.0,977.6,694.1,3,9.73,10,9,0.43113696894230213
122.6,183.9,0.0,203.5,0.0,958.2,800.1,3,3.32,10,3,0.43113696894230213
153.0,102.0,0.0,192.0,0.0,888.0,943.1,90,26.32,-1,3,0.43113696894230213
200.0,133.0,0.0,192.0,0.0,965.4,806.2,90,43.25,-1,3,0.43113696894230213
116.0,173.0,0.0,192.0,0.0,909.8,891.9,3,6.28,10,3,0.43113696894230213
173.0,116.0,0.0,192.0,0.0,946.8,856.8,90,32.1,-1,3,0.43113696894230213
250.2,166.8,0.0,203.5,0.0,977.6,694.1,28,36.96,10,9,0.43113696894230213
305.3,203.5,0.0,203.5,0.0,965.4,631.0,90,54.6,-1,8,0.43113696894230213
192.0,288.0,0.0,192.0,0.0,929.8,716.1,7,21.48,-1,9,0.43113696894230213
157.0,236.0,0.0,192.0,0.0,935.4,781.2,3,9.69,-1,3,0.43113696894230213
153.0,102.0,0.0,192.0,0.0,888.0,943.1,7,8.37,-1,3,0.43113696894230213
141.3,212.0,0.0,203.5,0.0,971.8,748.5,90,39.66,-1,3,0.43113696894230213
116.0,173.0,0.0,192.0,0.0,909.8,891.9,7,10.09,10,3,0.43113696894230213
141.3,212.0,0.0,203.5,0.0,971.8,748.5,3,4.83,10,3,0.43113696894230213
122.6,183.9,0.0,203.5,0.0,958.2,800.1,7,10.35,10,3,0.43113696894230213
166.8,250.2,0.0,203.5,0.0,975.6,692.6,90,43.57,-1,9,0.43113696894230213
203.5,305.3,0.0,203.5,0.0,963.4,630.0,90,51.86,-1,9,0.43113696894230213
310.0,0.0,0.0,192.0,0.0,1012.0,830.0,3,11.85,4,5,0.43113696894230213
310.0,0.0,0.0,192.0,0.0,1012.0,830.0,7,17.24,4,5,0.43113696894230213
310.0,0.0,0.0,192.0,0.0,1012.0,830.0,28,27.83,4,5,0.43113696894230213
310.0,0.0,0.0,192.0,0.0,1012.0,830.0,90,35.76,4,5,0.43113696894230213
310.0,0.0,0.0,192.0,0.0,1012.0,830.0,120,38.7,4,5,0.43113696894230213
331.0,0.0,0.0,192.0,0.0,1025.0,821.0,3,14.31,4,5,0.43113696894230213
331.0,0.0,0.0,192.0,0.0,1025.0,821.0,7,17.44,4,5,0.43113696894230213
331.0,0.0,0.0,192.0,0.0,1025.0,821.0,28,31.74,4,5,0.43113696894230213
331.0,0.0,0.0,192.0,0.0,1025.0,821.0,90,37.91,4,5,0.43113696894230213
331.0,0.0,0.0,192.0,0.0,1025.0,821.0,120,39.38,4,5,0.43113696894230213
349.0,0.0,0.0,192.0,0.0,1056.0,809.0,3,15.87,4,5,0.43113696894230213
349.0,0.0,0.0,192.0,0.0,1056.0,809.0,7,9.01,4,5,0.43113696894230213
349.0,0.0,0.0,192.0,0.0,1056.0,809.0,28,33.61,4,5,0.43113696894230213
349.0,0.0,0.0,192.0,0.0,1056.0,809.0,90,40.66,4,5,0.43113696894230213
349.0,0.0,0.0,192.0,0.0,1056.0,809.0,120,40.86,4,5,0.43113696894230213
238.0,0.0,0.0,186.0,0.0,1119.0,789.0,7,12.05,4,5,0.43113696894230213
238.0,0.0,0.0,186.0,0.0,1119.0,789.0,28,17.54,4,5,0.43113696894230213
296.0,0.0,0.0,186.0,0.0,1090.0,769.0,7,18.91,4,5,0.43113696894230213
296.0,0.0,0.0,186.0,0.0,1090.0,769.0,28,25.18,4,5,0.43113696894230213
297.0,0.0,0.0,186.0,0.0,1040.0,734.0,7,30.96,4,5,0.43113696894230213
480.0,0.0,0.0,192.0,0.0,936.0,721.0,28,43.89,4,6,0.43113696894230213
480.0,0.0,0.0,192.0,0.0,936.0,721.0,90,54.28,4,6,0.43113696894230213
397.0,0.0,0.0,186.0,0.0,1040.0,734.0,28,36.94,4,5,0.43113696894230213
281.0,0.0,0.0,186.0,0.0,1104.0,774.0,7,14.5,4,5,0.43113696894230213
281.0,0.0,0.0,185.0,0.0,1104.0,774.0,28,22.44,4,5,0.43113696894230213
500.0,0.0,0.0,200.0,0.0,1125.0,613.0,1,12.64,0,6,0.43113696894230213
500.0,0.0,0.0,200.0,0.0,1125.0,613.0,3,26.06,0,6,0.43113696894230213
500.0,0.0,0.0,200.0,0.0,1125.0,613.0,7,33.21,0,6,0.43113696894230213
500.0,0.0,0.0,200.0,0.0,1125.0,613.0,14,36.94,0,6,0.43113696894230213
500.0,0.0,0.0,200.0,0.0,1125.0,613.0,28,44.09,0,6,0.43113696894230213
540.0,0.0,0.0,173.0,0.0,1125.0,613.0,7,52.61,0,6,0.43113696894230213
540.0,0.0,0.0,173.0,0.0,1125.0,613.0,14,59.76,0,6,0.43113696894230213
540.0,0.0,0.0,173.0,0.0,1125.0,613.0,28,67.31,0,6,0.43113696894230213
540.0,0.0,0.0,173.0,0.0,1125.0,613.0,90,69.66,0,6,0.43113696894230213
540.0,0.0,0.0,173.0,0.0,1125.0,613.0,180,71.62,0,6,0.43113696894230213
540.0,0.0,0.0,173.0,0.0,1125.0,613.0,270,74.17,-1,6,0.43113696894230213
350.0,0.0,0.0,203.0,0.0,974.0,775.0,7,18.13,4,5,0.43113696894230213
350.0,0.0,0.0,203.0,0.0,974.0,775.0,14,22.53,4,5,0.43113696894230213
350.0,0.0,0.0,203.0,0.0,974.0,775.0,28,27.34,4,5,0.43113696894230213
350.0,0.0,0.0,203.0,0.0,974.0,775.0,56,29.98,4,5,0.43113696894230213
350.0,0.0,0.0,203.0,0.0,974.0,775.0,90,31.35,4,5,0.43113696894230213
350.0,0.0,0.0,203.0,0.0,974.0,775.0,180,32.72,4,2,0.43113696894230213
385.0,0.0,0.0,186.0,0.0,966.0,763.0,1,6.27,4,5,0.43113696894230213
385.0,0.0,0.0,186.0,0.0,966.0,763.0,3,14.7,4,5,0.43113696894230213
385.0,0.0,0.0,186.0,0.0,966.0,763.0,7,23.22,4,5,0.43113696894230213
385.0,0.0,0.0,186.0,0.0,966.0,763.0,14,27.92,4,5,0.43113696894230213
385.0,0.0,0.0,186.0,0.0,966.0,763.0,28,31.35,4,5,0.43113696894230213
331.0,0.0,0.0,192.0,0.0,978.0,825.0,180,39.0,4,2,0.43113696894230213
331.0,0.0,0.0,192.0,0.0,978.0,825.0,360,41.24,-1,2,0.43113696894230213
349.0,0.0,0.0,192.0,0.0,1047.0,806.0,3,14.99,4,5,0.43113696894230213
331.0,0.0,0.0,192.0,0.0,978.0,825.0,3,13.52,4,5,0.43113696894230213
382.0,0.0,0.0,186.0,0.0,1047.0,739.0,7,24.0,4,5,0.43113696894230213
382.0,0.0,0.0,186.0,0.0,1047.0,739.0,28,37.42,4,5,0.43113696894230213
382.0,0.0,0.0,186.0,0.0,1111.0,784.0,7,11.47,4,5,0.43113696894230213
281.0,0.0,0.0,186.0,0.0,1104.0,774.0,28,22.44,4,5,0.43113696894230213
339.0,0.0,0.0,185.0,0.0,1069.0,754.0,7,21.16,4,5,0.43113696894230213
339.0,0.0,0.0,185.0,0.0,1069.0,754.0,28,31.84,4,5,0.43113696894230213
295.0,0.0,0.0,185.0,0.0,1069.0,769.0,7,14.8,4,5,0.43113696894230213
295.0,0.0,0.0,185.0,0.0,1069.0,769.0,28,25.18,4,5,0.43113696894230213
238.0,0.0,0.0,185.0,0.0,1118.0,789.0,28,17.54,4,5,0.43113696894230213
296.0,0.0,0.0,192.0,0.0,1085.0,765.0,7,14.2,4,5,0.43113696894230213
296.0,0.0,0.0,192.0,0.0,1085.0,765.0,28,21.65,4,5,0.43113696894230213
296.0,0.0,0.0,192.0,0.0,1085.0,765.0,90,29.39,4,5,0.43113696894230213
331.0,0.0,0.0,192.0,0.0,879.0,825.0,3,13.52,4,2,0.43113696894230213
331.0,0.0,0.0,192.0,0.0,978.0,825.0,7,16.26,4,5,0.43113696894230213
331.0,0.0,0.0,192.0,0.0,978.0,825.0,28,31.45,4,5,0.43113696894230213
331.0,0.0,0.0,192.0,0.0,978.0,825.0,90,37.23,4,2,0.43113696894230213
349.0,0.0,0.0,192.0,0.0,1047.0,806.0,7,18.13,4,5,0.43113696894230213
349.0,0.0,0.0,192.0,0.0,1047.0,806.0,28,32.72,4,5,0.43113696894230213
349.0,0.0,0.0,192.0,0.0,1047.0,806.0,90,39.49,4,5,0.43113696894230213
349.0,0.0,0.0,192.0,0.0,1047.0,806.0,180,41.05,4,5,0.43113696894230213
349.0,0.0,0.0,192.0,0.0,1047.0,806.0,360,42.13,-1,2,0.43113696894230213
302.0,0.0,0.0,203.0,0.0,974.0,817.0,14,18.13,4,2,0.43113696894230213
302.0,0.0,0.0,203.0,0.0,974.0,817.0,180,26.74,4,2,0.43113696894230213
525.0,0.0,0.0,189.0,0.0,1125.0,613.0,180,61.92,0,6,0.43113696894230213
500.0,0.0,0.0,200.0,0.0,1125.0,613.0,90,47.22,0,6,0.43113696894230213
500.0,0.0,0.0,200.0,0.0,1125.0,613.0,180,51.04,0,6,0.43113696894230213
500.0,0.0,0.0,200.0,0.0,1125.0,613.0,270,55.16,-1,6,0.43113696894230213
540.0,0.0,0.0,173.0,0.0,1125.0,613.0,3,41.64,0,6,0.43113696894230213
252.0,0.0,0.0,185.0,0.0,1111.0,784.0,7,13.71,4,5,0.43113696894230213
252.0,0.0,0.0,185.0,0.0,1111.0,784.0,28,19.69,4,5,0.43113696894230213
339.0,0.0,0.0,185.0,0.0,1060.0,754.0,28,31.65,4,5,0.43113696894230213
393.0,0.0,0.0,192.0,0.0,940.0,758.0,3,19.11,4,6,0.43113696894230213
393.0,0.0,0.0,192.0,0.0,940.0,758.0,28,39.58,4,6,0.43113696894230213
393.0,0.0,0.0,192.0,0.0,940.0,758.0,90,48.79,4,6,0.43113696894230213
382.0,0.0,0.0,185.0,0.0,1047.0,739.0,7,24.0,4,5,0.43113696894230213
382.0,0.0,0.0,185.0,0.0,1047.0,739.0,28,37.42,4,5,0.43113696894230213
252.0,0.0,0.0,186.0,0.0,1111.0,784.0,7,11.47,4,5,0.43113696894230213
252.0,0.0,0.0,185.0,0.0,1111.0,784.0,28,19.69,4,5,0.43113696894230213
310.0,0.0,0.0,192.0,0.0,970.0,850.0,7,14.99,4,2,0.43113696894230213
310.0,0.0,0.0,192.0,0.0,970.0,850.0,28,27.92,4,2,0.43113696894230213
310.0,0.0,0.0,192.0,0.0,970.0,850.0,90,34.68,4,2,0.43113696894230213
310.0,0.0,0.0,192.0,0.0,970.0,850.0,180,37.33,4,2,0.43113696894230213
310.0,0.0,0.0,192.0,0.0,970.0,850.0,360,38.11,-1,2,0.43113696894230213
525.0,0.0,0.0,189.0,0.0,1125.0,613.0,3,33.8,0,6,0.43113696894230213
525.0,0.0,0.0,189.0,0.0,1125.0,613.0,7,42.42,0,6,0.43113696894230213
525.0,0.0,0.0,189.0,0.0,1125.0,613.0,14,48.4,0,6,0.43113696894230213
525.0,0.0,0.0,189.0,0.0,1125.0,613.0,28,55.94,0,6,0.43113696894230213
525.0,0.0,0.0,189.0,0.0,1125.0,613.0,90,58.78,0,6,0.43113696894230213
525.0,0.0,0.0,189.0,0.0,1125.0,613.0,270,67.11,-1,6,0.43113696894230213
322.0,0.0,0.0,203.0,0.0,974.0,800.0,14,20.77,4,5,0.43113696894230213
322.0,0.0,0.0,203.0,0.0,974.0,800.0,28,25.18,4,5,0.43113696894230213
322.0,0.0,0.0,203.0,0.0,974.0,800.0,180,29.59,4,2,0.43113696894230213
302.0,0.0,0.0,203.0,0.0,974.0,817.0,28,21.75,4,2,0.43113696894230213
397.0,0.0,0.0,185.0,0.0,1040.0,734.0,28,39.09,4,5,0.43113696894230213
480.0,0.0,0.0,192.0,0.0,936.0,721.0,3,24.39,4,6,0.43113696894230213
522.0,0.0,0.0,146.0,0.0,896.0,896.0,7,50.51,-1,6,0.43113696894230213
522.0,0.0,0.0,146.0,0.0,896.0,896.0,28,74.99,-1,6,0.43113696894230213
273.0,105.0,82.0,210.0,9.0,904.0,680.0,28,37.17,5,1,0.43113696894230213
162.0,190.0,148.0,179.0,19.0,838.0,741.0,28,33.76,7,1,0.43113696894230213
154.0,144.0,112.0,220.0,10.0,923.0,658.0,28,16.5,-1,9,0.43113696894230213
147.0,115.0,89.0,202.0,9.0,860.0,829.0,28,19.99,-1,3,0.43113696894230213
152.0,178.0,139.0,168.0,18.0,944.0,695.0,28,36.35,7,9,0.43113696894230213
310.0,143.0,111.0,168.0,22.0,914.0,651.0,28,33.69,5,1,0.43113696894230213
144.0,0.0,175.0,158.0,18.0,943.0,844.0,28,15.42,-1,0,0.43113696894230213
304.0,140.0,0.0,214.0,6.0,895.0,722.0,28,33.42,-1,8,0.43113696894230213
374.0,0.0,0.0,190.0,7.0,1013.0,730.0,28,39.05,4,5,0.43113696894230213
159.0,149.0,116.0,175.0,15.0,953.0,720.0,28,27.68,13,3,0.43113696894230213
153.0,239.0,0.0,200.0,6.0,1002.0,684.0,28,26.86,6,9,0.43113696894230213
310.0,143.0,0.0,168.0,10.0,914.0,804.0,28,45.3,11,8,0.43113696894230213
305.0,0.0,100.0,196.0,10.0,959.0,705.0,28,30.12,-1,7,0.43113696894230213
151.0,0.0,184.0,167.0,12.0,991.0,772.0,28,15.57,-1,4,0.43113696894230213
142.0,167.0,130.0,174.0,11.0,883.0,785.0,28,44.61,13,3,0.43113696894230213
298.0,137.0,107.0,201.0,6.0,878.0,655.0,28,53.52,5,1,0.43113696894230213
321.0,164.0,0.0,190.0,5.0,870.0,774.0,28,57.21,11,8,0.43113696894230213
366.0,187.0,0.0,191.0,7.0,824.0,757.0,28,65.91,-1,8,0.43113696894230213
280.0,129.0,100.0,172.0,9.0,825.0,805.0,28,52.82,5,1,0.43113696894230213
252.0,97.0,76.0,194.0,8.0,835.0,821.0,28,33.4,5,1,0.43113696894230213
165.0,0.0,150.0,182.0,12.0,1023.0,729.0,28,18.03,-1,4,0.43113696894230213
156.0,243.0,0.0,180.0,11.0,1022.0,698.0,28,37.36,6,9,0.43113696894230213
160.0,188.0,146.0,203.0,11.0,829.0,710.0,28,32.84,7,1,0.43113696894230213
298.0,0.0,107.0,186.0,6.0,879.0,815.0,28,42.64,8,7,0.43113696894230213
318.0,0.0,126.0,210.0,6.0,861.0,737.0,28,40.06,8,7,0.43113696894230213
287.0,121.0,94.0,188.0,9.0,904.0,696.0,28,41.94,5,1,0.43113696894230213
326.0,166.0,0.0,174.0,9.0,882.0,790.0,28,61.23,11,8,0.43113696894230213
356.0,0.0,142.0,193.0,11.0,801.0,778.0,28,40.87,-1,7,0.43113696894230213
132.0,207.0,161.0,179.0,5.0,867.0,736.0,28,33.3,7,3,0.43113696894230213
322.0,149.0,0.0,186.0,8.0,951.0,709.0,28,52.42,-1,8,0.43113696894230213
164.0,0.0,200.0,181.0,13.0,849.0,846.0,28,15.09,-1,0,0.43113696894230213
314.0,0.0,113.0,170.0,10.0,925.0,783.0,28,38.46,8,7,0.43113696894230213
321.0,0.0,128.0,182.0,11.0,870.0,780.0,28,37.26,8,7,0.43113696894230213
140.0,164.0,128.0,237.0,6.0,869.0,656.0,28,35.23,-1,1,0.43113696894230213
288.0,121.0,0.0,177.0,7.0,908.0,829.0,28,42.13,-1,1,0.43113696894230213
298.0,0.0,107.0,210.0,11.0,880.0,744.0,28,31.87,8,7,0.43113696894230213
265.0,111.0,86.0,195.0,6.0,833.0,790.0,28,41.54,5,1,0.43113696894230213
160.0,250.0,0.0,168.0,12.0,1049.0,688.0,28,39.45,6,9,0.43113696894230213
166.0,260.0,0.0,183.0,13.0,859.0,827.0,28,37.91,-1,3,0.43113696894230213
276.0,116.0,90.0,180.0,9.0,870.0,768.0,28,44.28,5,1,0.43113696894230213
322.0,0.0,116.0,196.0,10.0,818.0,813.0,28,31.18,8,7,0.43113696894230213
149.0,139.0,109.0,193.0,6.0,892.0,780.0,28,23.69,13,3,0.43113696894230213
159.0,187.0,0.0,176.0,11.0,990.0,789.0,28,32.76,10,3,0.43113696894230213
261.0,100.0,78.0,201.0,9.0,864.0,761.0,28,32.4,5,1,0.43113696894230213
237.0,92.0,71.0,247.0,6.0,853.0,695.0,28,28.63,-1,1,0.43113696894230213
313.0,0.0,113.0,178.0,8.0,1002.0,689.0,28,36.8,-1,5,0.43113696894230213
155.0,183.0,0.0,193.0,9.0,1047.0,697.0,28,18.28,6,9,0.43113696894230213
146.0,230.0,0.0,202.0,3.0,827.0,872.0,28,33.06,-1,3,0.43113696894230213
296.0,0.0,107.0,221.0,11.0,819.0,778.0,28,31.42,8,7,0.43113696894230213
133.0,210.0,0.0,196.0,3.0,949.0,795.0,28,31.03,10,3,0.43113696894230213
313.0,145.0,0.0,178.0,8.0,867.0,824.0,28,44.39,11,8,0.43113696894230213
152.0,0.0,112.0,184.0,8.0,992.0,816.0,28,12.18,-1,4,0.43113696894230213
153.0,145.0,113.0,178.0,8.0,1002.0,689.0,28,25.56,-1,9,0.43113696894230213
140.0,133.0,103.0,200.0,7.0,916.0,753.0,28,36.44,13,3,0.43113696894230213
149.0,236.0,0.0,176.0,13.0,847.0,893.0,28,32.96,-1,3,0.43113696894230213
300.0,0.0,120.0,212.0,10.0,878.0,728.0,28,23.84,-1,7,0.43113696894230213
153.0,145.0,113.0,178.0,8.0,867.0,824.0,28,26.23,-1,3,0.43113696894230213
148.0,0.0,137.0,158.0,16.0,1002.0,830.0,28,17.95,12,4,0.43113696894230213
326.0,0.0,138.0,199.0,11.0,801.0,792.0,28,40.68,8,7,0.43113696894230213
153.0,145.0,0.0,178.0,8.0,1000.0,822.0,28,19.01,10,3,0.43113696894230213
262.0,111.0,86.0,195.0,5.0,895.0,733.0,28,33.72,5,1,0.43113696894230213
158.0,0.0,195.0,220.0,11.0,898.0,713.0,28,8.54,-1,4,0.43113696894230213
151.0,0.0,185.0,167.0,16.0,1074.0,678.0,28,13.46,-1,4,0.43113696894230213
273.0,0.0,90.0,199.0,11.0,931.0,762.0,28,32.24,-1,7,0.43113696894230213
149.0,118.0,92.0,183.0,7.0,953.0,780.0,28,23.52,-1,3,0.43113696894230213
143.0,169.0,143.0,191.0,8.0,967.0,643.0,28,29.72,-1,9,0.43113696894230213
260.0,101.0,78.0,171.0,10.0,936.0,763.0,28,49.77,5,1,0.43113696894230213
313.0,161.0,0.0,178.0,10.0,917.0,759.0,28,52.44,11,8,0.43113696894230213
284.0,120.0,0.0,168.0,7.0,970.0,794.0,28,40.93,-1,8,0.43113696894230213
336.0,0.0,0.0,182.0,3.0,986.0,817.0,28,44.86,4,5,0.43113696894230213
145.0,0.0,134.0,181.0,11.0,979.0,812.0,28,13.2,-1,4,0.43113696894230213
150.0,237.0,0.0,174.0,12.0,1069.0,675.0,28,37.43,6,9,0.43113696894230213
144.0,170.0,133.0,192.0,8.0,814.0,805.0,28,29.87,-1,3,0.43113696894230213
331.0,170.0,0.0,195.0,8.0,811.0,802.0,28,56.61,-1,8,0.43113696894230213
155.0,0.0,143.0,193.0,9.0,1047.0,697.0,28,12.46,-1,4,0.43113696894230213
155.0,183.0,0.0,193.0,9.0,877.0,868.0,28,23.79,-1,3,0.43113696894230213
135.0,0.0,166.0,180.0,10.0,961.0,805.0,28,13.29,12,4,0.43113696894230213
266.0,112.0,87.0,178.0,10.0,910.0,745.0,28,39.42,5,1,0.43113696894230213
314.0,145.0,113.0,179.0,8.0,869.0,690.0,28,46.23,5,1,0.43113696894230213
313.0,145.0,0.0,127.0,8.0,1000.0,822.0,28,44.52,-1,8,0.43113696894230213
146.0,173.0,0.0,182.0,3.0,986.0,817.0,28,23.74,10,3,0.43113696894230213
144.0,136.0,106.0,178.0,7.0,941.0,774.0,28,26.14,13,3,0.43113696894230213
148.0,0.0,182.0,181.0,15.0,839.0,884.0,28,15.52,-1,0,0.43113696894230213
277.0,117.0,91.0,191.0,7.0,946.0,666.0,28,43.57,5,1,0.43113696894230213
298.0,0.0,107.0,164.0,13.0,953.0,784.0,28,35.86,-1,7,0.43113696894230213
313.0,145.0,0.0,178.0,8.0,1002.0,689.0,28,41.05,-1,8,0.43113696894230213
155.0,184.0,143.0,194.0,9.0,880.0,699.0,28,28.99,7,1,0.43113696894230213
289.0,134.0,0.0,195.0,6.0,924.0,760.0,28,46.24,11,8,0.43113696894230213
148.0,175.0,0.0,171.0,2.0,1000.0,828.0,28,26.92,10,3,0.43113696894230213
145.0,0.0,179.0,202.0,8.0,824.0,869.0,28,10.54,-1,0,0.43113696894230213
313.0,0.0,0.0,178.0,8.0,1000.0,822.0,28,25.1,4,5,0.43113696894230213
136.0,162.0,126.0,172.0,10.0,923.0,764.0,28,29.07,13,3,0.43113696894230213
155.0,0.0,143.0,193.0,9.0,877.0,868.0,28,9.74,-1,0,0.43113696894230213
255.0,99.0,77.0,189.0,6.0,919.0,749.0,28,33.8,5,1,0.43113696894230213
162.0,207.0,172.0,216.0,10.0,822.0,638.0,28,39.84,-1,1,0.43113696894230213
136.0,196.0,98.0,199.0,6.0,847.0,783.0,28,26.97,-1,3,0.43113696894230213
164.0,163.0,128.0,197.0,8.0,961.0,641.0,28,27.23,-1,9,0.43113696894230213
162.0,214.0,164.0,202.0,10.0,820.0,680.0,28,30.65,-1,1,0.43113696894230213
157.0,214.0,152.0,200.0,9.0,819.0,704.0,28,33.05,7,1,0.43113696894230213
149.0,153.0,194.0,192.0,8.0,935.0,623.0,28,24.58,-1,1,0.43113696894230213
135.0,105.0,193.0,196.0,6.0,965.0,643.0,28,21.91,-1,1,0.43113696894230213
159.0,209.0,161.0,201.0,7.0,848.0,669.0,28,30.88,-1,1,0.43113696894230213
144.0,15.0,195.0,176.0,6.0,1021.0,709.0,28,15.34,-1,4,0.43113696894230213
154.0,174.0,185.0,228.0,7.0,845.0,612.0,28,24.34,-1,1,0.43113696894230213
167.0,187.0,195.0,185.0,7.0,898.0,636.0,28,23.89,-1,1,0.43113696894230213
184.0,86.0,190.0,213.0,6.0,923.0,623.0,28,22.93,-1,1,0.43113696894230213
156.0,178.0,187.0,221.0,7.0,854.0,614.0,28,29.41,-1,1,0.43113696894230213
236.9,91.7,71.5,246.9,6.0,852.9,695.4,28,28.63,-1,1,0.43113696894230213
313.3,0.0,113.0,178.5,8.0,1001.9,688.7,28,36.8,-1,5,0.43113696894230213
154.8,183.4,0.0,193.3,9.1,1047.4,696.7,28,18.29,6,9,0.43113696894230213
145.9,230.5,0.0,202.5,3.4,827.0,871.8,28,32.72,-1,3,0.43113696894230213
296.0,0.0,106.7,221.4,10.5,819.2,778.4,28,31.42,8,7,0.43113696894230213
133.1,210.2,0.0,195.7,3.1,949.4,795.3,28,28.94,10,3,0.43113696894230213
313.3,145.0,0.0,178.5,8.0,867.2,824.0,28,40.93,11,8,0.43113696894230213
151.6,0.0,111.9,184.4,7.9,992.0,815.9,28,12.18,-1,4,0.43113696894230213
153.1,145.0,113.0,178.5,8.0,1001.9,688.7,28,25.56,-1,9,0.43113696894230213
139.9,132.6,103.3,200.3,7.4,916.0,753.4,28,36.44,13,3,0.43113696894230213
149.5,236.0,0.0,175.8,12.6,846.8,892.7,28,32.96,-1,3,0.43113696894230213
299.8,0.0,119.8,211.5,9.9,878.2,727.6,28,23.84,-1,7,0.43113696894230213
153.1,145.0,113.0,178.5,8.0,867.2,824.0,28,26.23,-1,3,0.43113696894230213
148.1,0.0,136.6,158.1,16.1,1001.8,830.1,28,17.96,12,4,0.43113696894230213
326.5,0.0,137.9,199.0,10.8,801.1,792.5,28,38.63,8,7,0.43113696894230213
152.7,144.7,0.0,178.1,8.0,999.7,822.2,28,19.01,10,3,0.43113696894230213
261.9,110.5,86.1,195.4,5.0,895.2,732.6,28,33.72,5,1,0.43113696894230213
158.4,0.0,194.9,219.7,11.0,897.7,712.9,28,8.54,-1,4,0.43113696894230213
150.7,0.0,185.3,166.7,15.6,1074.5,678.0,28,13.46,-1,4,0.43113696894230213
272.6,0.0,89.6,198.7,10.6,931.3,762.2,28,32.25,-1,7,0.43113696894230213
149.0,117.6,91.7,182.9,7.1,953.4,780.3,28,23.52,-1,3,0.43113696894230213
143.0,169.4,142.7,190.7,8.4,967.4,643.5,28,29.73,-1,9,0.43113696894230213
259.9,100.6,78.4,170.6,10.4,935.7,762.9,28,49.77,5,1,0.43113696894230213
312.9,160.5,0.0,177.6,9.6,916.6,759.5,28,52.45,11,8,0.43113696894230213
284.0,119.7,0.0,168.3,7.2,970.4,794.2,28,40.93,-1,8,0.43113696894230213
336.5,0.0,0.0,181.9,3.4,985.8,816.8,28,44.87,4,5,0.43113696894230213
144.8,0.0,133.6,180.8,11.1,979.5,811.5,28,13.2,12,4,0.43113696894230213
150.0,236.8,0.0,173.8,11.9,1069.3,674.8,28,37.43,6,9,0.43113696894230213
143.7,170.2,132.6,191.6,8.5,814.1,805.3,28,29.87,-1,3,0.43113696894230213
330.5,169.6,0.0,194.9,8.1,811.0,802.3,28,56.62,-1,8,0.43113696894230213
154.8,0.0,142.8,193.3,9.1,1047.4,696.7,28,12.46,-1,4,0.43113696894230213
154.8,183.4,0.0,193.3,9.1,877.2,867.7,28,23.79,-1,3,0.43113696894230213
134.7,0.0,165.7,180.2,10.0,961.0,804.9,28,13.29,12,4,0.43113696894230213
266.2,112.3,87.5,177.9,10.4,909.7,744.5,28,39.42,5,1,0.43113696894230213
314.0,145.3,113.2,178.9,8.0,869.1,690.2,28,46.23,5,1,0.43113696894230213
312.7,144.7,0.0,127.3,8.0,999.7,822.2,28,44.52,-1,8,0.43113696894230213
145.7,172.6,0.0,181.9,3.4,985.8,816.8,28,23.74,10,3,0.43113696894230213
143.8,136.3,106.2,178.1,7.5,941.5,774.3,28,26.15,13,3,0.43113696894230213
148.1,0.0,182.1,181.4,15.0,838.9,884.3,28,15.53,-1,0,0.43113696894230213
277.0,116.8,91.0,190.6,7.0,946.5,665.6,28,43.58,5,1,0.43113696894230213
298.1,0.0,107.5,163.6,12.8,953.2,784.0,28,35.87,-1,7,0.43113696894230213
313.3,145.0,0.0,178.5,8.0,1001.9,688.7,28,41.05,-1,8,0.43113696894230213
155.2,183.9,143.2,193.8,9.2,879.6,698.5,28,28.99,7,1,0.43113696894230213
289.0,133.7,0.0,194.9,5.5,924.1,760.1,28,46.25,11,8,0.43113696894230213
147.8,175.1,0.0,171.2,2.2,1000.0,828.5,28,26.92,10,3,0.43113696894230213
145.4,0.0,178.9,201.7,7.8,824.0,868.7,28,10.54,-1,0,0.43113696894230213
312.7,0.0,0.0,178.1,8.0,999.7,822.2,28,25.1,4,5,0.43113696894230213
136.4,161.6,125.8,171.6,10.4,922.6,764.4,28,29.07,13,3,0.43113696894230213
154.8,0.0,142.8,193.3,9.1,877.2,867.7,28,9.74,-1,0,0.43113696894230213
255.3,98.8,77.0,188.6,6.5,919.0,749.3,28,33.8,5,1,0.43113696894230213
272.8,105.1,81.8,209.7,9.0,904.0,679.7,28,37.17,5,1,0.43113696894230213
162.0,190.1,148.1,178.8,18.8,838.1,741.4,28,33.76,7,1,0.43113696894230213
153.6,144.2,112.3,220.1,10.1,923.2,657.9,28,16.5,-1,9,0.43113696894230213
146.5,114.6,89.3,201.9,8.8,860.0,829.5,28,19.99,-1,3,0.43113696894230213
151.8,178.1,138.7,167.5,18.3,944.0,694.6,28,36.35,-1,9,0.43113696894230213
309.9,142.8,111.2,167.8,22.1,913.9,651.2,28,38.22,5,1,0.43113696894230213
143.6,0.0,174.9,158.4,17.9,942.7,844.5,28,15.42,-1,0,0.43113696894230213
303.6,139.9,0.0,213.5,6.2,895.5,722.5,28,33.42,-1,8,0.43113696894230213
374.3,0.0,0.0,190.2,6.7,1013.2,730.4,28,39.06,4,5,0.43113696894230213
158.6,148.9,116.0,175.1,15.0,953.3,719.7,28,27.68,13,3,0.43113696894230213
152.6,238.7,0.0,200.0,6.3,1001.8,683.9,28,26.86,6,9,0.43113696894230213
310.0,142.8,0.0,167.9,10.0,914.3,804.0,28,45.3,11,8,0.43113696894230213
304.8,0.0,99.6,196.0,9.8,959.4,705.2,28,30.12,-1,7,0.43113696894230213
150.9,0.0,183.9,166.6,11.6,991.2,772.2,28,15.57,-1,4,0.43113696894230213
141.9,166.6,129.7,173.5,10.9,882.6,785.3,28,44.61,13,3,0.43113696894230213
297.8,137.2,106.9,201.3,6.0,878.4,655.3,28,53.52,5,1,0.43113696894230213
321.3,164.2,0.0,190.5,4.6,870.0,774.0,28,57.22,11,8,0.43113696894230213
366.0,187.0,0.0,191.3,6.6,824.3,756.9,28,65.91,-1,8,0.43113696894230213
279.8,128.9,100.4,172.4,9.5,825.1,804.9,28,52.83,5,1,0.43113696894230213
252.1,97.1,75.6,193.8,8.3,835.5,821.4,28,33.4,5,1,0.43113696894230213
164.6,0.0,150.4,181.6,11.7,1023.3,728.9,28,18.03,-1,4,0.43113696894230213
155.6,243.5,0.0,180.3,10.7,1022.0,697.7,28,37.36,6,9,0.43113696894230213
160.2,188.0,146.4,203.2,11.3,828.7,709.7,28,35.31,7,1,0.43113696894230213
298.1,0.0,107.0,186.4,6.1,879.0,815.2,28,42.64,8,7,0.43113696894230213
317.9,0.0,126.5,209.7,5.7,860.5,736.6,28,40.06,8,7,0.43113696894230213
287.3,120.5,93.9,187.6,9.2,904.4,695.9,28,43.8,5,1,0.43113696894230213
325.6,166.4,0.0,174.0,8.9,881.6,790.0,28,61.24,11,8,0.43113696894230213
355.9,0.0,141.6,193.3,11.0,801.4,778.4,28,40.87,-1,7,0.43113696894230213
132.0,206.5,160.9,178.9,5.5,866.9,735.6,28,33.31,7,3,0.43113696894230213
322.5,148.6,0.0,185.8,8.5,951.0,709.5,28,52.43,-1,8,0.43113696894230213
164.2,0.0,200.1,181.2,12.6,849.3,846.0,28,15.09,-1,0,0.43113696894230213
313.8,0.0,112.6,169.9,10.1,925.3,782.9,28,38.46,8,7,0.43113696894230213
321.4,0.0,127.9,182.5,11.5,870.1,779.7,28,37.27,8,7,0.43113696894230213
139.7,163.9,127.7,236.7,5.8,868.6,655.6,28,35.23,-1,1,0.43113696894230213
288.4,121.0,0.0,177.4,7.0,907.9,829.5,28,42.14,-1,1,0.43113696894230213
298.2,0.0,107.0,209.7,11.1,879.6,744.2,28,31.88,8,7,0.43113696894230213
264.5,111.0,86.5,195.5,5.9,832.6,790.4,28,41.54,5,1,0.43113696894230213
159.8,250.0,0.0,168.4,12.2,1049.3,688.2,28,39.46,6,9,0.43113696894230213
166.0,259.7,0.0,183.2,12.7,858.8,826.8,28,37.92,-1,3,0.43113696894230213
276.4,116.0,90.3,179.6,8.9,870.1,768.3,28,44.28,5,1,0.43113696894230213
322.2,0.0,115.6,196.0,10.4,817.9,813.4,28,31.18,8,7,0.43113696894230213
148.5,139.4,108.6,192.7,6.1,892.4,780.0,28,23.7,13,3,0.43113696894230213
159.1,186.7,0.0,175.6,11.3,989.6,788.9,28,32.77,10,3,0.43113696894230213
260.9,100.5,78.3,200.6,8.6,864.5,761.5,28,32.4,5,1,0.43113696894230213
